,already,america,american,american people,americans,americas,believe,better,billion,budget,build,business,cannot,century,challenge,change,child,children,citizens,community,congress,continue,could,country,crime,defense,deficit,economic,economy,education,energy,every,families,family,federal,first,forces,freedom,future,government,great,growth,health,history,important,increase,lives,members,military,million,money,nation,national,nations,never,nuclear,opportunity,peace,people,percent,power,president,program,programs,progress,propose,protect,provide,public,reform,responsibility,right,school,schools,security,since,social,spending,state,states,still,strong,support,system,taxes,thats,today,together,tonight,trade,union,united,united states,welfare,without,workers,working,world,would,years
Carter_1978,0.034023102027391144,0.057369592170236405,0.24382076672350472,0.09280721511758191,0.08605438825535461,0.01606555558554732,0.06305439684271655,0.07589056958189234,0.07881799605339568,0.08769356902092644,0.03213111117109464,0.09824403684726805,0.1392108226763729,0.017341275834880866,0.0,0.0,0.018378527549957075,0.015178113916378468,0.048196666756641963,0.07071503837950911,0.10039678629791371,0.10230916385774752,0.0,0.14894096753408215,0.0,0.01606555558554732,0.06936510333952346,0.20461832771549504,0.16383506428749037,0.0455343417491354,0.17011551013695572,0.08605438825535461,0.015763599210679137,0.016374006141211345,0.11915277402726572,0.10230916385774752,0.03093573837252731,0.030356227832756936,0.0893645805204493,0.3215430864100636,0.10039678629791371,0.09280721511758191,0.04468229026022465,0.030356227832756936,0.015467869186263654,0.07733934593131828,0.015467869186263654,0.029231189673642147,0.04729079763203741,0.06071245566551387,0.0,0.10039678629791371,0.11473918434047281,0.08605438825535461,0.029231189673642147,0.1146180429884794,0.06187147674505462,0.1042586772738575,0.34421755302141843,0.07881799605339568,0.0,0.043027194127677304,0.0910686834982708,0.030356227832756936,0.06071245566551387,0.0198896500034909,0.07881799605339568,0.11245888909883126,0.06187147674505462,0.06426222234218928,0.0,0.09280721511758191,0.0,0.017011551013695572,0.16383506428749037,0.04468229026022465,0.0,0.04729079763203741,0.02978819350681643,0.11473918434047281,0.1392108226763729,0.10039678629791371,0.014894096753408215,0.0893645805204493,0.0520238275046426,0.02113760180650734,0.028684796085118203,0.16383506428749037,0.09824403684726805,0.10013541821947378,0.06187147674505462,0.11915277402726572,0.1042586772738575,0.06610288095628958,0.06071245566551387,0.08505775506847786,0.06426222234218928,0.30119035889374113,0.04384678451046322,0.143423980425591
Carter_1979,0.03728795101652487,0.11003083865425473,0.26721775101747575,0.06780864932104949,0.18862429483586526,0.05282160773390369,0.0,0.0831730110590025,0.03455254107863045,0.11212672752173,0.15846482320171104,0.0358905039550024,0.11866513631183662,0.019005340646908273,0.019375209270336195,0.07602136258763309,0.02014212679628496,0.066538408847202,0.05282160773390369,0.019375209270336195,0.17290560359954316,0.1441629353850814,0.0,0.11426331579364724,0.0,0.05282160773390369,0.05701602194072482,0.09610862359005429,0.13058664662131111,0.0166346022118005,0.018643975508262436,0.07859345618161052,0.0,0.0179452519775012,0.06529332331065556,0.03203620786335143,0.05085648699078712,0.0166346022118005,0.04896999248299167,0.2723077668384871,0.03143738247264421,0.016952162330262373,0.06529332331065556,0.0166346022118005,0.05085648699078712,0.016952162330262373,0.016952162330262373,0.03203620786335143,0.05182881161794568,0.0166346022118005,0.019005340646908273,0.14146822112689894,0.12574952989057683,0.17290560359954316,0.03203620786335143,0.2332882757075156,0.05085648699078712,0.26117329324262223,0.23578036854483156,0.0691050821572609,0.0691050821572609,0.09431214741793263,0.0166346022118005,0.066538408847202,0.0166346022118005,0.0,0.0691050821572609,0.07042881031187158,0.06780864932104949,0.03521440515593579,0.0,0.0,0.0,0.0,0.08161665413831945,0.04896999248299167,0.0,0.05182881161794568,0.03264666165532778,0.06287476494528842,0.033904324660524746,0.14146822112689894,0.09793998496598334,0.04896999248299167,0.0,0.023165961179357222,0.03143738247264421,0.08161665413831945,0.1076715118650072,0.05487219487777666,0.11866513631183662,0.11426331579364724,0.06529332331065556,0.0,0.0166346022118005,0.07457590203304974,0.05282160773390369,0.4244046633806968,0.0,0.12574952989057683
Carter_1980,0.0,0.2556663470822645,0.09023518132315218,0.03243869392374539,0.015039196887192031,0.05053821254358305,0.033058888963576394,0.015915514468870205,0.0,0.04597699932510577,0.05053821254358305,0.03433901380495089,0.03243869392374539,0.0,0.12976354570262533,0.07273507841073544,0.0,0.0,0.03369214169572204,0.0,0.10527437821034422,0.16858233085872118,0.033058888963576394,0.031235397716158558,0.0,0.08423035423930508,0.01818376960268386,0.09195399865021155,0.031235397716158558,0.015915514468870205,0.14270420569408743,0.09023518132315218,0.016529444481788197,0.0,0.015617698858079279,0.04597699932510577,0.11353542873310887,0.015915514468870205,0.015617698858079279,0.015325666441701925,0.09023518132315218,0.06487738784749078,0.015617698858079279,0.0,0.06487738784749078,0.048658040885618085,0.048658040885618085,0.03065133288340385,0.23141222274503478,0.015915514468870205,0.0,0.16543116575911235,0.10527437821034422,0.2556663470822645,0.09195399865021155,0.10301704141485267,0.0,0.32797167601966487,0.16543116575911235,0.033058888963576394,0.1487650003360938,0.015039196887192031,0.03183102893774041,0.0,0.047746543406610616,0.0,0.033058888963576394,0.05053821254358305,0.0,0.0,0.03636753920536772,0.03243869392374539,0.0,0.0,0.20303008515503063,0.031235397716158558,0.017169506902475446,0.0,0.046853096574237835,0.21054875642068843,0.03243869392374539,0.09023518132315218,0.046853096574237835,0.015617698858079279,0.0,0.0664935991208361,0.015039196887192031,0.10932389200655494,0.06867802760990178,0.017500052007984334,0.2595095513899631,0.20303008515503063,0.20303008515503063,0.0,0.03183102893774041,0.0,0.05053821254358305,0.37597992217980075,0.015325666441701925,0.060156787548768124
Clinton_1993,0.02163795985762696,0.0912145614639001,0.25540077209892026,0.14755847318063986,0.12770038604946013,0.04086938887238238,0.1403543325711179,0.07722362749232707,0.060151856816193394,0.12083764447928011,0.0,0.13537569663662044,0.03934892618150396,0.04411471124450681,0.022486620422713065,0.13234413373352044,0.058441737771015884,0.10618248780194972,0.010217347218095595,0.04497324084542613,0.10033601761029011,0.01859040684296617,0.09022778522429009,0.23680811600188692,0.02634151368515076,0.05108673609047798,0.22057355622253408,0.10224723763631395,0.11366789568090571,0.07722362749232707,0.08655183943050784,0.16418621063502017,0.09022778522429009,0.031240545377681637,0.08525092176067928,0.07436162737186468,0.01967446309075198,0.009652953436540884,0.12314022032098118,0.23238008553707712,0.04560728073195005,0.0983723154537599,0.19891881744158502,0.04826476718270442,0.01967446309075198,0.07869785236300791,0.00983723154537599,0.027885610264449256,0.02005061893873113,0.04826476718270442,0.09925810030014032,0.08209310531751009,0.0912145614639001,0.02736436843917003,0.03718081368593234,0.010413515125893879,0.029511694636127968,0.028416973920226428,0.40134407044116044,0.16040495150984904,0.010025309469365565,0.05472873687834006,0.12548839467503148,0.07722362749232707,0.009652953436540884,0.1138444998960337,0.02005061893873113,0.09195612496286036,0.04918615772687995,0.09195612496286036,0.06617206686676022,0.059023389272255936,0.034389344913960916,0.02163795985762696,0.07577859712060381,0.037889298560301904,0.0520675756294694,0.13032902310175234,0.037889298560301904,0.04560728073195005,0.04918615772687995,0.02736436843917003,0.037889298560301904,0.07577859712060381,0.06617206686676022,0.12098753403106492,0.0912145614639001,0.06630627248052832,0.13537569663662044,0.06368396855804871,0.0,0.037889298560301904,0.037889298560301904,0.0700666801562344,0.019305906873081768,0.08655183943050784,0.02043469443619119,0.11857892990307012,0.046476017107415425,0.17330766678141019
Clinton_1994,0.019300639911082454,0.08136161713237913,0.1789955576912341,0.07897157519732043,0.16272323426475827,0.01822735052662125,0.03576952528584837,0.12054345761623736,0.03576952528584837,0.04974684544718861,0.06379572684317439,0.0278659596804794,0.04387309733184468,0.009837366393526805,0.01002881432564907,0.07869893114821444,0.06255467394808197,0.12915370458882575,0.01822735052662125,0.10028814325649071,0.19526788111770993,0.08291140907864769,0.0,0.16053346229663404,0.18796894853125126,0.06379572684317439,0.08853629754174125,0.06632912726291815,0.03379651837823875,0.04305123486294192,0.0,0.1789955576912341,0.06259666925023465,0.10217518549509114,0.016898259189119375,0.06632912726291815,0.04387309733184468,0.025830740917765146,0.05914390716191781,0.04974684544718861,0.01627232342647583,0.02632385839910681,0.34641431337694717,0.06027172880811868,0.03509847786547575,0.02632385839910681,0.05264771679821362,0.033164563631459074,0.03576952528584837,0.05166148183553029,0.04918683196763403,0.02440848513971374,0.0569531319926654,0.0569531319926654,0.04974684544718861,0.037154612907305866,0.03509847786547575,0.042245647972798436,0.5044420262207506,0.053654287928772554,0.03576952528584837,0.1139062639853308,0.025830740917765146,0.03444098789035353,0.008610246972588383,0.0,0.017884762642924185,0.05468205157986376,0.02632385839910681,0.12759145368634878,0.03934946557410722,0.07897157519732043,0.0817990072175152,0.02895095986662368,0.10138955513471624,0.008449129594559688,0.0,0.06259666925023465,0.042245647972798436,0.09763394055885496,0.07897157519732043,0.040680808566189566,0.09294042554015655,0.16898259189119375,0.04918683196763403,0.07194568691405005,0.040680808566189566,0.0675930367564775,0.06502057258778526,0.028402431498511783,0.017549238932737875,0.03379651837823875,0.03379651837823875,0.2624920946293346,0.09471271669847221,0.02895095986662368,0.05468205157986376,0.13831474912504454,0.04974684544718861,0.15458707255152035
Clinton_1995,0.0348476901258335,0.13221001953951056,0.1469000217105673,0.09505650223355173,0.1469000217105673,0.03290984474571351,0.056509767111113586,0.06218389023161215,0.03229129549206491,0.07484910098265471,0.024682383559285134,0.05031254572273171,0.031685500744517245,0.03552312227109824,0.01810722419359092,0.0888078056777456,0.037647903622332175,0.14768673930007886,0.13986684016928244,0.05432167258077275,0.1395550206250389,0.014969820196530943,0.040364119365081136,0.24408115071887254,0.1166624538107942,0.008227461186428378,0.07104624454219648,0.037424550491327355,0.09915796747954196,0.06995687651056368,0.0,0.11752001736845383,0.1210923580952434,0.05031254572273171,0.0686478236396829,0.09730383127745111,0.015842750372258622,0.054410903952660634,0.03813767979982383,0.254486943341026,0.058760008684226914,0.023764125558387934,0.08390289555961243,0.015545972557903038,0.06337100148903449,0.023764125558387934,0.05544962630290518,0.052394370687858294,0.024218471619048682,0.06995687651056368,0.06216546397442193,0.06610500976975528,0.08814001302634038,0.007345001085528364,0.007484910098265471,0.04192712143560976,0.0712923766751638,0.061020287679718135,0.5288400781580422,0.008072823873016227,0.03229129549206491,0.08814001302634038,0.054410903952660634,0.08550284906846671,0.0,0.020371698014923213,0.008072823873016227,0.041137305932141884,0.031685500744517245,0.0740471506778554,0.1332117085166184,0.10297787741968105,0.055383651835813404,0.0348476901258335,0.07627535959964767,0.08390289555961243,0.0335416971484878,0.07265541485714605,0.030510143839859068,0.07345001085528365,0.1425847533503276,0.029380004342113457,0.07627535959964767,0.015255071919929534,0.03552312227109824,0.12989937199084503,0.058760008684226914,0.12966811131940104,0.11739594001970731,0.025640578142490246,0.015842750372258622,0.030510143839859068,0.030510143839859068,0.19183071584858766,0.06995687651056368,0.04355961265729187,0.12341191779642566,0.1028300151973971,0.08981892117918565,0.21300503148032257
Clinton_1996,0.028909242292336736,0.1868620675020251,0.19498650521950445,0.08761975469723772,0.2031109429369838,0.10010596965764573,0.07143596467504974,0.0429891991619906,0.008929495584381218,0.0662335487291933,0.009100542696149613,0.02782580556301998,0.017523950939447544,0.009823191006417,0.4005745226834973,0.009823191006417,0.0416430228684303,0.29232655430153603,0.0728043415691969,0.13018671987213662,0.24373313152438056,0.008279193591149163,0.03571798233752487,0.06749563696230282,0.15250469829040764,0.0,0.039292764025668,0.016558387182298327,0.04218477310143926,0.06018487882678684,0.00963641409744558,0.2031109429369838,0.16073092051886192,0.08347741668905995,0.07593259158259068,0.08279193591149163,0.008761975469723772,0.01719567966479624,0.03374781848115141,0.1324670974583866,0.03249775086991741,0.0,0.06749563696230282,0.00859783983239812,0.04380987734861886,0.008761975469723772,0.0963817301669615,0.016558387182298327,0.017858991168762436,0.0859783983239812,0.029469573019251,0.04874662630487611,0.03249775086991741,0.016248875434958704,0.041395967955745815,0.05565161112603996,0.026285926409171313,0.08436954620287852,0.34935082185161215,0.08929495584381217,0.008929495584381218,0.03249775086991741,0.05158703899438872,0.02579351949719436,0.00859783983239812,0.0,0.03571798233752487,0.04550271348074806,0.03504790187889509,0.04550271348074806,0.039292764025668,0.04380987734861886,0.05105071062017627,0.0963641409744558,0.07593259158259068,0.04218477310143926,0.02782580556301998,0.017858991168762436,0.06749563696230282,0.056871064022355464,0.0613338282880664,0.04874662630487611,0.09280650082316638,0.016873909240575705,0.029469573019251,0.05986834588757728,0.056871064022355464,0.15186518316518136,0.09275268521006662,0.009453834779741639,0.052571852818342625,0.04218477310143926,0.04218477310143926,0.13729773116273367,0.03439135932959248,0.05781848458467347,0.21841302470759072,0.08124437717479352,0.07451274232034245,0.1543643166321077
Clinton_1997,0.0500033135478822,0.36255599866525245,0.11804148793752406,0.018186342026442762,0.18549376675896637,0.04722267902663968,0.06486916276336072,0.06245981827648652,0.04633511625954336,0.14606638633175792,0.11333442966393524,0.048129330620986926,0.05455902607932829,0.16311199413974903,0.16628636548398834,0.04077799853493726,0.12965128574894194,0.18737945482945956,0.04722267902663968,0.11432187627024197,0.08431534852680289,0.06014498260719445,0.009267023251908674,0.11382624032172693,0.03652367349207783,0.0,0.0,0.02577642111736905,0.09631451104146126,0.13384246773532826,0.01000066270957644,0.31196678954917073,0.07413618601526939,0.0673810628693817,0.026267593920398524,0.15465852670421426,0.027279513039664145,0.02676849354706565,0.08755864640132842,0.02577642111736905,0.05058920911608174,0.018186342026442762,0.08755864640132842,0.03569132472942087,0.04546585506610691,0.018186342026442762,0.04546585506610691,0.017184280744912697,0.009267023251908674,0.08030548064119696,0.04077799853493726,0.08431534852680289,0.13490455764288464,0.05902074396876203,0.008592140372456349,0.048129330620986926,0.036372684052885525,0.07880278176119557,0.261377580433089,0.02780106975572602,0.037068093007634695,0.08431534852680289,0.02676849354706565,0.017845662364710434,0.02676849354706565,0.03507787401683148,0.037068093007634695,0.009444535805327935,0.018186342026442762,0.07555628644262348,0.04077799853493726,0.04546585506610691,0.15894115783128568,0.14000927793407014,0.07004691712106273,0.026267593920398524,0.03850346449678954,0.018534046503817347,0.07880278176119557,0.03372613941072116,0.036372684052885525,0.06745227882144232,0.07004691712106273,0.017511729280265682,0.04077799853493726,0.06213132064972463,0.05058920911608174,0.11382624032172693,0.16363972411135555,0.049055910211102734,0.027279513039664145,0.035023458560531365,0.017511729280265682,0.19430110048252588,0.0535369870941313,0.06000397625745863,0.05666721483196762,0.21921990616968753,0.02577642111736905,0.2698091152857693
Clinton_1998,0.03262594240078663,0.3209132982978019,0.16504112483886957,0.04944226903312699,0.18337902759874397,0.0924349386041378,0.03023253314542873,0.019406432330975918,0.03023253314542873,0.07474882682799247,0.10270548733793089,0.04187095233532422,0.03955381522650159,0.21063597426047373,0.06781112337087476,0.06651662345067591,0.22323496222645492,0.22317397180622306,0.051352743668965445,0.11301853895145794,0.22005483311849275,0.05606162012099436,0.020155022096952486,0.028564940515842817,0.06619668350559504,0.0,0.07760272735912191,0.02803081006049718,0.104738115224757,0.08732894548939164,0.021750628267191086,0.26589959001817876,0.12093013258171492,0.0942096427544795,0.047608234193071364,0.20555927377697933,0.009888453806625397,0.0485160808274398,0.03808658735445709,0.10277963688848966,0.04584475689968599,0.019776907613250794,0.057129881031685634,0.05821929699292775,0.05933072283975238,0.009888453806625397,0.06921917664637778,0.037374413413996235,0.020155022096952486,0.07762572932390367,0.033258311725337955,0.12836531931912076,0.08252056241943478,0.07335161103949758,0.018687206706998118,0.031403214251493165,0.09888453806625398,0.0666515278702999,0.20171693035861835,0.020155022096952486,0.020155022096952486,0.08252056241943478,0.009703216165487959,0.038812864661951836,0.038812864661951836,0.08900677788566334,0.09069759943628619,0.061623292402758545,0.04944226903312699,0.061623292402758545,0.07760272735912191,0.10877299187287938,0.06913681904369837,0.08700251306876434,0.08569482154752844,0.03808658735445709,0.07327416658681739,0.03023253314542873,0.03808658735445709,0.05501370827962319,0.05933072283975238,0.06418265965956038,0.11425976206337127,0.0666515278702999,0.0,0.04053917120635647,0.09168951379937199,0.11425976206337127,0.14654833317363478,0.08535409288735744,0.05933072283975238,0.057129881031685634,0.03808658735445709,0.1408630318220366,0.038812864661951836,0.10875314133595544,0.07189384113655163,0.13753427069905796,0.018687206706998118,0.23839273587836715
Clinton_1999,0.04702889590545793,0.2616896690155905,0.15066980943321875,0.042761345467817284,0.22996970913491285,0.0355309326321995,0.034863119337092775,0.058744432790156814,0.06101045883991236,0.12929667144378953,0.04441366579024938,0.018106554299497046,0.008552269093563457,0.33558300405113656,0.04887341219244205,0.02876425749009742,0.05080793975497463,0.17623329837047044,0.01776546631609975,0.10752150682337251,0.2061797392244046,0.06464833572189477,0.026147339502819583,0.04117513595661776,0.057251807159374744,0.01776546631609975,0.019176171660064946,0.04040520982618423,0.07411524472191197,0.03356824730866104,0.009405779181091586,0.2061797392244046,0.06972623867418555,0.05431966289849113,0.032940108765294206,0.14545875537426323,0.0,0.01678412365433052,0.024705081573970656,0.105053545548079,0.031719959880677634,0.025656807280690367,0.07411524472191197,0.058744432790156814,0.017104538187126914,0.08552269093563457,0.03420907637425383,0.02424312589571054,0.008715779834273194,0.07552855644448733,0.019176171660064946,0.06343991976135527,0.05550992979118586,0.0951598796420329,0.02424312589571054,0.045266385748742616,0.07697042184207112,0.06588021753058841,0.16652978937355759,0.04357889917136597,0.0,0.06343991976135527,0.01678412365433052,0.03356824730866104,0.01678412365433052,0.10997095783413365,0.026147339502819583,0.0355309326321995,0.0598658836549442,0.0355309326321995,0.11505702996038968,0.09407496002919803,0.13952086093142402,0.1316809085352822,0.24705081573970658,0.06588021753058841,0.2353852058934616,0.008715779834273194,0.057645190339264865,0.06343991976135527,0.03420907637425383,0.03964994985084704,0.23058076135705946,0.04941016314794131,0.009588085830032473,0.03506128539069527,0.11101985958237172,0.06588021753058841,0.19917209729446747,0.1015032662554207,0.042761345467817284,0.032940108765294206,0.016470054382647103,0.04873152373610059,0.03356824730866104,0.03762311672436634,0.08882733158049876,0.12687983952271054,0.02424312589571054,0.24582968907525166
Clinton_2000,0.08317162297095207,0.22594801173303405,0.18699145798595923,0.03361082996131299,0.16361752573771432,0.026182177253253298,0.059943511350493375,0.049471811517827834,0.06850687011484957,0.0793972115564709,0.0436369620887555,0.053369723674009904,0.05041624494196948,0.14130614882527295,0.07682994671276791,0.03768163968673945,0.1797098880537901,0.25560435950877713,0.0436369620887555,0.14405615008643982,0.13245228274005444,0.031758884622588364,0.04281679382178098,0.05663709447703014,0.05625059076017216,0.0087273924177511,0.009420409921684863,0.0793972115564709,0.08091013496718591,0.06596241535710379,0.018482582882433794,0.22594801173303405,0.11988702270098675,0.053369723674009904,0.032364053986874364,0.1905533077355302,0.02520812247098474,0.049471811517827834,0.048546080980311546,0.023819163466941275,0.07791310749414967,0.058818952432297726,0.12945621594749745,0.032981207678551894,0.10083248988393896,0.042013537451641235,0.07562436741295422,0.031758884622588364,0.008563358764356196,0.11543422687493161,0.018840819843369726,0.08570441824356465,0.09349572899297962,0.04674786449648981,0.023819163466941275,0.026684861837004952,0.1092351973742672,0.06472810797374873,0.3116524299765987,0.08563358764356196,0.025690076293068593,0.0701217967447347,0.032981207678551894,0.032981207678551894,0.04122650959818987,0.16207168781795597,0.059943511350493375,0.0436369620887555,0.016805414980656495,0.0436369620887555,0.06594286945179405,0.1092351973742672,0.08812345366573654,0.11089549729460275,0.06472810797374873,0.06472810797374873,0.053369723674009904,0.008563358764356196,0.048546080980311546,0.04674786449648981,0.09242978239361073,0.023373932248244904,0.14563824294093464,0.016182026993437182,0.0,0.12630983051196876,0.09349572899297962,0.10518317545734168,0.24016375653304456,0.06346338906492689,0.02520812247098474,0.032364053986874364,0.032364053986874364,0.04787930957652145,0.06596241535710379,0.02772387432365069,0.12218349384851539,0.12466097199063948,0.12703553849035346,0.2649045654801089
Johnson_1964,0.02743686748154978,0.09252782985972946,0.1387917447895942,0.0,0.20818761718439127,0.025911130576116544,0.050848248020120945,0.17135881958428956,0.15254474406036284,0.18858063600622565,0.05182226115223309,0.026408611200519978,0.12473579767764782,0.0,0.0,0.0,0.0,0.07343949410755267,0.10364452230446618,0.057025933008968216,0.20818761718439127,0.047145159001556414,0.050848248020120945,0.2161958205318758,0.0,0.05182226115223309,0.027968660039262797,0.023572579500778207,0.07206527351062528,0.0979193254767369,0.0,0.41637523436878254,0.050848248020120945,0.07922583360155994,0.14413054702125055,0.07071773850233462,0.02494715953552956,0.04895966273836845,0.02402175783687509,0.0,0.023131957464932365,0.0,0.07206527351062528,0.14687898821510534,0.02494715953552956,0.07484147860658869,0.0,0.11786289750389103,0.07627237203018142,0.1958386509534738,0.027968660039262797,0.09252782985972946,0.1387917447895942,0.16192370225452654,0.047145159001556414,0.026408611200519978,0.07484147860658869,0.07206527351062528,0.04626391492986473,0.10169649604024189,0.10169649604024189,0.023131957464932365,0.17135881958428956,0.07343949410755267,0.07343949410755267,0.032078773473438654,0.025424124010060473,0.05182226115223309,0.27441875489082523,0.0,0.0,0.02494715953552956,0.0581407800852399,0.10974746992619912,0.07206527351062528,0.04804351567375018,0.07922583360155994,0.050848248020120945,0.07206527351062528,0.04626391492986473,0.07484147860658869,0.023131957464932365,0.04804351567375018,0.04804351567375018,0.0,0.0,0.16192370225452654,0.02402175783687509,0.0,0.053834052671728805,0.04989431907105912,0.04804351567375018,0.02402175783687509,0.0,0.0979193254767369,0.05487373496309956,0.07773339172834963,0.1387917447895942,0.14143547700466924,0.16192370225452654
Johnson_1965,0.035957005857927944,0.21220686051053952,0.25767975919136943,0.032694153666081374,0.10610343025526976,0.0,0.016659616418987666,0.12832681289651743,0.0,0.03089271688052332,0.03395747253353472,0.08652359715220682,0.032694153666081374,0.09163484803307456,0.03736727249632535,0.0,0.038846359290923775,0.04812255483619403,0.01697873626676736,0.1307854537371387,0.10610343025526976,0.09267815064156996,0.03331923283797533,0.1574069065718021,0.08754632766820655,0.01697873626676736,0.01832696960661491,0.04633907532078498,0.09444414394308125,0.06416340644825871,0.017978502928963972,0.16673396182970962,0.03331923283797533,0.0,0.0,0.21624901816366324,0.0,0.19249021934477611,0.0,0.12357086752209329,0.12126106314887973,0.08173538416520344,0.06296276262872083,0.0802042580603234,0.049041230499122054,0.06538830733216275,0.016347076833040687,0.01544635844026166,0.016659616418987666,0.04812255483619403,0.01832696960661491,0.25767975919136943,0.13641869604248968,0.19704922761692956,0.0772317922013083,0.0,0.09808246099824411,0.07870345328590105,0.24252212629775946,0.0,0.08329808209493832,0.07578816446804983,0.0802042580603234,0.1443676645085821,0.12832681289651743,0.27326254362270064,0.03331923283797533,0.11885115386737151,0.06538830733216275,0.0,0.0,0.1144295378312848,0.03809779617726581,0.05393550878689192,0.04722207197154062,0.015740690657180208,0.017304719430441363,0.0,0.06296276262872083,0.07578816446804983,0.032694153666081374,0.0454728986808299,0.031481381314360415,0.031481381314360415,0.01832696960661491,0.0,0.060630531574439865,0.09444414394308125,0.12113303601308953,0.05291360288966237,0.16347076833040688,0.07870345328590105,0.04722207197154062,0.02328674279276148,0.0,0.035957005857927944,0.01697873626676736,0.28799502497858936,0.09267815064156996,0.16673396182970962
Johnson_1966,0.0464775418644957,0.11755531372600408,0.1436787167762272,0.042260023032605135,0.09143191067578095,0.05852396266533009,0.0574239892772176,0.02764558522244217,0.18662796515095717,0.053242013449643626,0.08778594399799514,0.014911898299866545,0.042260023032605135,0.0,0.03220028902799679,0.04737838854026708,0.0,0.06911396305610543,0.029261981332665044,0.04830043354199519,0.10449361220089251,0.07986302017446543,0.07177998659652199,0.013564136604065361,0.09430100412510646,0.04389297199899757,0.04737838854026708,0.053242013449643626,0.027128273208130722,0.05529117044488434,0.015492513954831902,0.10449361220089251,0.0143559973193044,0.02982379659973309,0.1356413660406536,0.026621006724821813,0.056346697376806844,0.06911396305610543,0.054256546416261445,0.17303654371134178,0.20898722440178502,0.042260023032605135,0.054256546416261445,0.06911396305610543,0.014086674344201711,0.056346697376806844,0.042260023032605135,0.07986302017446543,0.0430679919579132,0.013822792611221085,0.04737838854026708,0.24817232897711972,0.06530850762555783,0.11755531372600408,0.013310503362410906,0.014911898299866545,0.014086674344201711,0.20346204906098042,0.45715955337890474,0.0861359839158264,0.0287119946386088,0.09143191067578095,0.11058234088976868,0.04146837783366325,0.05529117044488434,0.19924976152174587,0.0143559973193044,0.04389297199899757,0.056346697376806844,0.0,0.0,0.07043337172100857,0.0,0.0,0.027128273208130722,0.027128273208130722,0.014911898299866545,0.0287119946386088,0.12207722943658825,0.07837020915066939,0.028173348688403422,0.052246806100446255,0.027128273208130722,0.04069240981219608,0.01579279618008903,0.0,0.013061701525111564,0.054256546416261445,0.38770935579653015,0.04559694065782637,0.042260023032605135,0.09494895622845752,0.054256546416261445,0.020066753561456194,0.09675954827854759,0.030985027909663804,0.04389297199899757,0.2220489259268966,0.10648402689928725,0.13061701525111566
Johnson_1967,0.108257830391772,0.0570449489530902,0.15972585706865255,0.061521358250216825,0.19395282644050668,0.0,0.10031613509783359,0.1811066875277241,0.1755532364212088,0.03487893135770519,0.03833914505347492,0.01302507909362588,0.061521358250216825,0.0,0.02812595036481877,0.041383547933064944,0.029239243334602025,0.08451645417960459,0.051118860071299885,0.014062975182409385,0.30804272434668706,0.15114203588338912,0.07523710132337519,0.05923925597932707,0.1812117832219563,0.025559430035649942,0.041383547933064944,0.06975786271541037,0.07108710717519248,0.01207377916851494,0.0135322287989715,0.1140898979061804,0.025079033774458397,0.02605015818725176,0.09478280956692331,0.12788941497825235,0.03691281495013009,0.03622133750554482,0.023695702391730827,0.13951572543082075,0.2281797958123608,0.02460854330008673,0.0,0.04829511667405976,0.012304271650043365,0.03691281495013009,0.012304271650043365,0.04650524181027358,0.012539516887229199,0.1207377916851494,0.041383547933064944,0.14831686727803453,0.06845393874370824,0.2281797958123608,0.02325262090513679,0.05210031637450352,0.0,0.09478280956692331,0.27381575497483296,0.2257113039701256,0.050158067548916795,0.13690787748741648,0.0603688958425747,0.13281157085366435,0.14488535002217928,0.07910839357387701,0.037618550661687594,0.06389857508912485,0.03691281495013009,0.025559430035649942,0.05517806391075326,0.03691281495013009,0.0,0.0405966863969145,0.11847851195865414,0.047391404783461655,0.07815047456175528,0.025079033774458397,0.0829349583710579,0.06845393874370824,0.03691281495013009,0.03422696937185412,0.047391404783461655,0.03554355358759624,0.05517806391075326,0.0,0.04563595916247216,0.11847851195865414,0.1953761864043882,0.05310334486395733,0.08612990155030355,0.05923925597932707,0.03554355358759624,0.017527684741023543,0.07244267501108964,0.0405966863969145,0.0894580051247748,0.10268090811556237,0.08138417316797876,0.2624067651842149
Johnson_1968,0.08263785602982304,0.15327791404442098,0.19508098151108125,0.04508342170117891,0.1393435582222009,0.09365093648065903,0.09189074231045866,0.11797036417113455,0.4135083403970639,0.17039736178455323,0.03121697882688634,0.06363265811751105,0.03005561446745261,0.0,0.017175797656676445,0.06739166133235588,0.017855657164837845,0.044238886564175454,0.01560848941344317,0.03435159531335289,0.4040963188443826,0.042599340446138306,0.015315123718409774,0.07235179333216023,0.12072152253783686,0.01560848941344317,0.06739166133235588,0.042599340446138306,0.014470358666432044,0.014746295521391818,0.016527571205964608,0.15327791404442098,0.10720586602886842,0.031816329058755526,0.10129251066502432,0.12779802133841492,0.0,0.014746295521391818,0.028940717332864088,0.09939846104098939,0.05573742328888036,0.03005561446745261,0.057881434665728176,0.10322406864974273,0.015027807233726305,0.12022245786981044,0.04508342170117891,0.014199780148712768,0.04594537115522933,0.17695554625670182,0.0,0.11147484657776072,0.06967177911110045,0.18114662568886117,0.08519868089227661,0.031816329058755526,0.06011122893490522,0.13023322799788842,0.20901533733330135,0.09189074231045866,0.07657561859204887,0.06967177911110045,0.11797036417113455,0.13271665969252638,0.0737314776069591,0.11594272847775954,0.07657561859204887,0.07804244706721584,0.04508342170117891,0.0,0.01684791533308897,0.015027807233726305,0.017511581514823377,0.0,0.057881434665728176,0.08682215199859226,0.031816329058755526,0.0,0.07235179333216023,0.06967177911110045,0.06011122893490522,0.01393435582222009,0.04341107599929613,0.014470358666432044,0.0,0.0,0.05573742328888036,0.057881434665728176,0.15908164529377766,0.04864327930854169,0.07513903616863153,0.057881434665728176,0.057881434665728176,0.0,0.044238886564175454,0.033055142411929216,0.0,0.11147484657776072,0.09939846104098939,0.15327791404442098
Kennedy_1961,0.09568843051158096,0.048404812378129373,0.06453974983750584,0.0,0.06453974983750584,0.05422037525114392,0.0,0.0853755132389148,0.07093505190533715,0.08221139446971311,0.05422037525114392,0.07368183877310694,0.0696042882674449,0.0,0.0198882836451944,0.039017241082185794,0.0,0.01707510264778296,0.036146916834095946,0.0,0.24202406189064687,0.04932683668182787,0.035467525952668576,0.08377794247413882,0.0,0.12651420891933582,0.1365603437876503,0.26307646230308196,0.15080029645344986,0.03415020529556592,0.01913768610231619,0.14521443713438814,0.035467525952668576,0.055261379079830204,0.08377794247413882,0.09865367336365574,0.10440643240116734,0.06830041059113184,0.11728911946379433,0.09865367336365574,0.09680962475625875,0.12180750446802857,0.016755588494827764,0.03415020529556592,0.03480214413372245,0.1392085765348898,0.017401072066861225,0.04932683668182787,0.08866881488167144,0.10245061588669775,0.0,0.14521443713438814,0.3065638117281527,0.22588912443127043,0.13153823115154098,0.055261379079830204,0.03480214413372245,0.11728911946379433,0.12907949967501167,0.017733762976334288,0.07093505190533715,0.048404812378129373,0.22197633442117848,0.0853755132389148,0.03415020529556592,0.022375495223527577,0.017733762976334288,0.07229383366819189,0.15660964860175103,0.018073458417047973,0.05852586162327869,0.017401072066861225,0.06083128839853992,0.01913768610231619,0.06702235397931106,0.06702235397931106,0.11052275815966041,0.035467525952668576,0.11728911946379433,0.08067468729688229,0.05220321620058367,0.01613493745937646,0.06702235397931106,0.016755588494827764,0.0,0.0,0.06453974983750584,0.0,0.0,0.03755017595721929,0.08700536033430613,0.06702235397931106,0.03351117698965553,0.0247881803993412,0.06830041059113184,0.05741305830694857,0.05422037525114392,0.37110356156565855,0.13153823115154098,0.1936192495125175
Kennedy_1962,0.05041852183563961,0.17003094151780354,0.1416924512648363,0.015281128681145333,0.042507735379450885,0.03174319866305302,0.09343973049512558,0.014994871568944794,0.10901301891097984,0.0577565746809618,0.047614797994579544,0.08088163012521404,0.16809241549259865,0.03426383612855744,0.0698613098001274,0.0,0.01815664724590991,0.059979486275779176,0.06348639732610604,0.1397226196002548,0.24087716715022167,0.0288782873404809,0.04671986524756279,0.08828569973182099,0.040918835591315185,0.1428443939837386,0.06852767225711488,0.1443914367024045,0.11771426630909464,0.11995897255155835,0.03361234789042641,0.12752320613835266,0.015573288415854262,0.01617632602504281,0.10299998302045782,0.12995229303216405,0.030562257362290665,0.13495384412050315,0.10299998302045782,0.0288782873404809,0.08501547075890177,0.15281128681145334,0.1471428328863683,0.04498461470683438,0.06112451472458133,0.06112451472458133,0.0,0.10107400569168315,0.14015959574268838,0.08996922941366876,0.0,0.1983694317707708,0.0991847158853854,0.2975541476561562,0.0288782873404809,0.06470530410017124,0.07640564340572667,0.11771426630909464,0.12752320613835266,0.04671986524756279,0.10901301891097984,0.014169245126483628,0.10496410098261355,0.08996922941366876,0.14994871568944795,0.0,0.015573288415854262,0.07935799665763256,0.12224902944916266,0.01587159933152651,0.01713191806427872,0.07640564340572667,0.0890338578265182,0.03361234789042641,0.08828569973182099,0.05885713315454732,0.06470530410017124,0.015573288415854262,0.044142849865910494,0.1416924512648363,0.06112451472458133,0.05667698050593451,0.07357141644318416,0.05885713315454732,0.01713191806427872,0.0,0.05667698050593451,0.044142849865910494,0.0,0.11541425379367275,0.030562257362290665,0.25014281590682613,0.10299998302045782,0.13060966807044658,0.11995897255155835,0.03361234789042641,0.0,0.2550464122767053,0.0866348620214427,0.08501547075890177
Kennedy_1963,0.033360366046774316,0.056252089924441195,0.140630224811103,0.01516657057319309,0.09844115736777209,0.0,0.0927392404360178,0.0,0.20093502094470522,0.04299269302562324,0.015752614639522763,0.04816517066108563,0.16683227630512398,0.01700348513501099,0.017334395049082258,0.03400697027002198,0.0,0.059529837784030086,0.06301045855809105,0.034668790098164516,0.0843781348866618,0.05732359070083099,0.10819578050868743,0.1168317972252504,0.020306039583787232,0.26779444887188697,0.05101045540503297,0.11464718140166198,0.0584158986126252,0.0,0.016680183023387158,0.140630224811103,0.0463696202180089,0.0,0.1022278225720941,0.11464718140166198,0.06066628229277236,0.17858951335209025,0.0584158986126252,0.07165448837603873,0.056252089924441195,0.12133256458554471,0.0584158986126252,0.08929475667604513,0.0,0.10616599401235162,0.03033314114638618,0.04299269302562324,0.06182616029067853,0.10417721612205265,0.01700348513501099,0.140630224811103,0.1265672023299927,0.2953234721033163,0.05732359070083099,0.19266068264434252,0.04549971171957926,0.2190596197973445,0.1687562697733236,0.12365232058135706,0.06182616029067853,0.028126044962220598,0.10417721612205265,0.0744122972300376,0.0744122972300376,0.01950221952497143,0.0,0.06301045855809105,0.04549971171957926,0.06301045855809105,0.0,0.04549971171957926,0.08836639729339149,0.05004054907016147,0.1168317972252504,0.0146039746531563,0.06422022754811418,0.030913080145339264,0.043811923959468896,0.0703151124055515,0.09099942343915852,0.028126044962220598,0.0730198732657815,0.08762384791893779,0.03400697027002198,0.0,0.140630224811103,0.0,0.0,0.09818488047794945,0.06066628229277236,0.1168317972252504,0.0584158986126252,0.0,0.0744122972300376,0.0,0.06301045855809105,0.3234495170655369,0.1863016697777007,0.21094533721665448
Obama_2009,0.08388537649600138,0.2121706819125988,0.3064687627626427,0.06356112724211224,0.16502164148757684,0.01320343236022496,0.02591054069977336,0.0,0.01295527034988668,0.1561532197540865,0.039610297080674886,0.06728465797531484,0.10169780358737958,0.07125939756849461,0.014529239607102453,0.028503759027397844,0.04531302588838335,0.11226681794178266,0.02640686472044992,0.04358771882130735,0.11787260106255489,0.02402357226985946,0.05182108139954672,0.1468880659643159,0.0,0.01320343236022496,0.1282669156232903,0.09609428907943784,0.2692947876012458,0.17463727235388413,0.19573254515733657,0.23574520212510977,0.07773162209932008,0.06728465797531484,0.03672201649107897,0.09609428907943784,0.025424450896844895,0.012474090882420295,0.12240672163692991,0.06005893067464865,0.03536178031876647,0.012712225448422447,0.24481344327385982,0.08731863617694206,0.025424450896844895,0.012712225448422447,0.012712225448422447,0.01201178613492973,0.0,0.09979272705936236,0.14251879513698923,0.11787260106255489,0.04714904042502195,0.03536178031876647,0.06005893067464865,0.013456931595062968,0.06356112724211224,0.01224067216369299,0.24753246223136527,0.05182108139954672,0.09068689244920676,0.05893630053127744,0.02494818176484059,0.06237045441210148,0.03742227264726088,0.0,0.03886581104966004,0.0660171618011248,0.025424450896844895,0.14523775596247454,0.14251879513698923,0.10169780358737958,0.10369298600842122,0.08388537649600138,0.04896268865477196,0.01224067216369299,0.026913863190125936,0.02591054069977336,0.02448134432738598,0.03536178031876647,0.07627335269053469,0.023574520212510976,0.04896268865477196,0.08568470514585094,0.014251879513698922,0.24320631297987746,0.03536178031876647,0.03672201649107897,0.1614831791407556,0.0,0.0,0.061203360818464954,0.03672201649107897,0.0,0.04989636352968118,0.05592358433066759,0.05281372944089984,0.11787260106255489,0.06005893067464865,0.17680890159383233
Obama_2010,0.03619223351772208,0.18308151399335126,0.18308151399335126,0.12066279876070705,0.28479346621187973,0.06835923883436185,0.03353720441207081,0.03229157898523804,0.03353720441207081,0.05182469065761848,0.0,0.08128365198924103,0.032908036025647375,0.03689372615148134,0.012537241999986836,0.11068117845444403,0.0,0.06458315797047608,0.06835923883436185,0.03761172599996051,0.10171195221852848,0.09328444318371326,0.03353720441207081,0.13731176255694272,0.0,0.011393206472393641,0.12297908717160448,0.020729876263047394,0.1584366491041647,0.053819298308730064,0.18096116758861042,0.09154075699667563,0.1900441583350679,0.023223900568354584,0.03168732982083294,0.05182469065761848,0.010969345341882458,0.010763859661746013,0.06337465964166587,0.12437925757828436,0.04068478088741139,0.032908036025647375,0.11618687600972076,0.04305543864698405,0.010969345341882458,0.0548467267094123,0.1096934534188246,0.020729876263047394,0.022358136274713874,0.09687473695571412,0.049191634868641795,0.12205434266223417,0.09154075699667563,0.07119836655296993,0.06218962878914218,0.058059751420886464,0.0,0.021124886547221958,0.32547824709929113,0.03353720441207081,0.011179068137356937,0.06102717133111708,0.04305543864698405,0.021527719323492026,0.010763859661746013,0.0,0.022358136274713874,0.022786412944787282,0.0548467267094123,0.12532527119633005,0.049191634868641795,0.19744821615388425,0.05112937160586451,0.024128155678481387,0.12674931928333175,0.010562443273610979,0.023223900568354584,0.05589534068678468,0.010562443273610979,0.06102717133111708,0.12066279876070705,0.03051358566555854,0.08449954618888783,0.08449954618888783,0.09838326973728359,0.38974385735934924,0.020342390443705696,0.052812216368054894,0.12773145312595022,0.03550650610553055,0.0548467267094123,0.07393710291527684,0.052812216368054894,0.0,0.04305543864698405,0.06032038919620347,0.10253885825154277,0.05085597610926424,0.20729876263047392,0.20342390443705696
Obama_2011,0.09218982723258042,0.19986434543747716,0.21096792018400368,0.03592467058218551,0.13324289695831812,0.11193845484091365,0.09763070392590008,0.09400454338623648,0.01220383799073751,0.02263015560634005,0.0248752121868697,0.10141121480495965,0.0,0.040275723458803904,0.04105954136925503,0.06712620576467318,0.09959781317151584,0.08225397546295692,0.037312818280304555,0.04105954136925503,0.1110357474652651,0.02263015560634005,0.08542686593516258,0.14989894362194472,0.0,0.037312818280304555,0.13425241152934636,0.011315077803170025,0.08071481579643178,0.12925624715607517,0.11852977787046054,0.13324289695831812,0.03661151397221253,0.05070560740247983,0.034592063912756474,0.1244658558348703,0.011974890194061836,0.01175056792327956,0.17296031956378238,0.20367140045706045,0.03331072423957953,0.011974890194061836,0.08071481579643178,0.02350113584655912,0.011974890194061836,0.0,0.023949780388123672,0.02263015560634005,0.02440767598147502,0.02350113584655912,0.08055144691760781,0.16655362119789766,0.01110357474652651,0.04441429898610604,0.05657538901585013,0.0633820092530998,0.011974890194061836,0.011530687970918824,0.3442108171423218,0.08542686593516258,0.01220383799073751,0.02220714949305302,0.0,0.02350113584655912,0.0587528396163978,0.0,0.03661151397221253,0.0,0.023949780388123672,0.07462563656060911,0.08055144691760781,0.047899560776247345,0.06977041377459024,0.14486972850834068,0.034592063912756474,0.057653439854594125,0.012676401850619957,0.1342422178981126,0.011530687970918824,0.05551787373263255,0.05987445097030918,0.01110357474652651,0.06918412782551295,0.057653439854594125,0.02685048230586927,0.3927425931274575,0.04441429898610604,0.057653439854594125,0.21549883146053928,0.05168178513687525,0.011974890194061836,0.046122751883675296,0.034592063912756474,0.0,0.09400454338623648,0.07901985191364036,0.0248752121868697,0.16655362119789766,0.10183570022853022,0.27758936866316275
Obama_2012,0.05917102834336287,0.29932171631081483,0.3292538879418963,0.02152066499509636,0.19954781087387655,0.04470446905818173,0.032898177536107395,0.06335257317960809,0.02193211835740493,0.020334883648137743,0.0335283517936363,0.10251623765833033,0.04304132999019272,0.012063581070411758,0.04919341613104257,0.07238148642247055,0.012785152555370003,0.021117524393202695,0.05588058632272716,0.07379012419656386,0.14966085815540742,0.010167441824068871,0.05483029589351232,0.18650130570497075,0.0,0.0335283517936363,0.08444506749288232,0.020334883648137743,0.12433420380331384,0.08447009757281078,0.2721867303794692,0.2195025919612642,0.04386423671480986,0.03417207921944344,0.06216710190165692,0.08133953459255097,0.02152066499509636,0.010558762196601347,0.07252828555193307,0.08133953459255097,0.06984173380585679,0.0,0.041444734601104614,0.021117524393202695,0.01076033249754818,0.02152066499509636,0.02152066499509636,0.03050232547220661,0.04386423671480986,0.11614638416261483,0.07238148642247055,0.07981912434955062,0.009977390543693827,0.009977390543693827,0.06100465094441322,0.03417207921944344,0.02152066499509636,0.0,0.2095252014175704,0.06579635507221479,0.08772847342961972,0.04988695271846914,0.031676286589804044,0.021117524393202695,0.010558762196601347,0.0,0.02193211835740493,0.0,0.05380166248774091,0.0335283517936363,0.07238148642247055,0.2797686449362527,0.03761635414803521,0.0473368226746903,0.05180591825138076,0.03108355095082846,0.011390693073147813,0.032898177536107395,0.041444734601104614,0.09977390543693827,0.03228099749264454,0.03990956217477531,0.07252828555193307,0.041444734601104614,0.09650864856329407,0.3529085293906371,0.08979651489324444,0.08288946920220923,0.13668831687777375,0.03482995562761335,0.02152066499509636,0.06216710190165692,0.06216710190165692,0.0,0.04223504878640539,0.14201046802407088,0.07823282085181803,0.14966085815540742,0.03050232547220661,0.1795930297864889
Obama_2013,0.10661898425852069,0.2584343568059493,0.21348925127447982,0.07270803085306848,0.11236276382867359,0.06293125538277093,0.04939875660802297,0.07134601163445753,0.0,0.0458012286646113,0.025172502153108373,0.05131160296945439,0.04847202056871233,0.013585689612996766,0.013850084785324053,0.10868551690397413,0.057593218218789044,0.08323701357353379,0.07551750645932512,0.013850084785324053,0.19101669850874511,0.05725153583076413,0.024699378304011484,0.1516904238937031,0.016224412163981995,0.050345004306216745,0.14944258574296443,0.0458012286646113,0.14002192974803362,0.16647402714706758,0.23989271458167155,0.15730786936014304,0.2099447155840976,0.012827900742363597,0.035005482437008406,0.06870184299691695,0.04847202056871233,0.035673005817228765,0.09334795316535575,0.11450307166152826,0.03370882914860208,0.07270803085306848,0.05834247072834735,0.011891001939076256,0.0,0.012118005142178083,0.060590025710890415,0.011450307166152826,0.061748445760028706,0.023782003878152512,0.013585689612996766,0.06741765829720416,0.01123627638286736,0.02247255276573472,0.034350921498458475,0.03848370222709079,0.03635401542653424,0.01166849414566947,0.20225297489161248,0.04939875660802297,0.09879751321604593,0.02247255276573472,0.023782003878152512,0.023782003878152512,0.07134601163445753,0.04674649328541007,0.09879751321604593,0.012586251076554186,0.03635401542653424,0.12586251076554186,0.013585689612996766,0.19388808227484933,0.08472510921010067,0.10661898425852069,0.1166849414566947,0.04667397658267788,0.025655801484727195,0.03704906745601723,0.035005482437008406,0.15730786936014304,0.03635401542653424,0.02247255276573472,0.07001096487401681,0.035005482437008406,0.013585689612996766,0.2980772695580286,0.08989021106293887,0.1166849414566947,0.24373011410490839,0.026149723625698035,0.04847202056871233,0.1166849414566947,0.09334795316535575,0.0,0.023782003878152512,0.013327373032315086,0.07551750645932512,0.08989021106293887,0.1374036859938339,0.24719808042308192
Obama_2014,0.0714649158457217,0.3313854495522955,0.2008396663953306,0.04331997589242064,0.26109156631392977,0.0787392934667455,0.08829642009008407,0.08501694978566803,0.022074105022521016,0.040933059903735615,0.06749082297149615,0.06878661269609851,0.04331997589242064,0.012141679666162178,0.0,0.07285007799697306,0.05147169017367706,0.03188135616962551,0.011248470495249359,0.0866458077006281,0.19079768307556408,0.040933059903735615,0.07725936757882355,0.145995654982978,0.0,0.022496940990498718,0.024283359332324356,0.040933059903735615,0.12513913284255257,0.07438983106245953,0.09528655446096229,0.24100759967439672,0.12140757762386559,0.0229288708986995,0.04171304428085086,0.14326570966307467,0.0541499698655258,0.010627118723208503,0.10428261070212715,0.040933059903735615,0.03012594995929959,0.0541499698655258,0.08342608856170172,0.010627118723208503,0.04331997589242064,0.01082999397310516,0.0541499698655258,0.030699794927801713,0.05518526255630254,0.07438983106245953,0.03642503899848653,0.05020991659883265,0.01004198331976653,0.03012594995929959,0.07163285483153733,0.057322177246748755,0.12995992767726192,0.03128478321063814,0.24100759967439672,0.04414821004504203,0.04414821004504203,0.07029388323836572,0.05313559361604252,0.03188135616962551,0.05313559361604252,0.0,0.05518526255630254,0.0,0.01082999397310516,0.11248470495249357,0.03642503899848653,0.11912993370415675,0.012619959739665296,0.0714649158457217,0.11471087177233986,0.04171304428085086,0.01146443544934975,0.0,0.06256956642127628,0.13054578315696488,0.08663995178484128,0.05020991659883265,0.1355673939127653,0.03128478321063814,0.024283359332324356,0.35519322913384643,0.14058776647673144,0.11471087177233986,0.14903766084154677,0.023370294528012793,0.02165998794621032,0.06256956642127628,0.05214130535106357,0.0,0.08501694978566803,0.0714649158457217,0.1349816459429923,0.13054578315696488,0.010233264975933904,0.21088164971509712
BushGW_2001,0.015916083805727062,0.20128218382617327,0.08051287353046932,0.02894361626008068,0.09393168578554753,0.1202480497536195,0.01474849447384739,0.07100355896751126,0.08849096684308434,0.3418604101797023,0.0,0.01531959394938173,0.02894361626008068,0.03244915166923799,0.03308065432326999,0.016224575834618993,0.10317019928711427,0.14200711793502252,0.07515503109601218,0.06616130864653998,0.08051287353046932,0.05469766562875237,0.07374247236923694,0.15328482461223283,0.0,0.07515503109601218,0.0,0.04102324922156428,0.041804952166972595,0.09940498255451576,0.2069090894744518,0.1341881225507822,0.08849096684308434,0.06127837579752692,0.11147987244526025,0.04102324922156428,0.02894361626008068,0.11360569434801801,0.027869968111315063,0.23246507892219756,0.09393168578554753,0.01447180813004034,0.1811547927235479,0.056802847174009005,0.10130265691028238,0.10130265691028238,0.04341542439012102,0.027348832814376185,0.10323946131693172,0.04260213538050675,0.2433686375192849,0.12076931029570397,0.09393168578554753,0.10735049804062576,0.05469766562875237,0.01531959394938173,0.02894361626008068,0.08360990433394519,0.18786337157109506,0.16223343921232128,0.0,0.08051287353046932,0.014200711793502251,0.0852042707610135,0.028401423587004503,0.07443538477291858,0.02949698894769478,0.045093018657607314,0.05788723252016136,0.13527905597282194,0.016224575834618993,0.07235904065020171,0.08431843841040734,0.1273286704458165,0.20902476083486296,0.0,0.22979390924072596,0.13273645026462652,0.0,0.02683762451015644,0.04341542439012102,0.0670940612753911,0.08360990433394519,0.027869968111315063,0.11357203084233296,0.07910574210043728,0.02683762451015644,0.06967492027828766,0.12255675159505384,0.06245809908885141,0.0,0.013934984055657532,0.013934984055657532,0.0,0.028401423587004503,0.047748251417181184,0.030062012438404874,0.01341881225507822,0.05469766562875237,0.20128218382617327
BushGW_2002,0.03828212354609833,0.5325468548172833,0.24206675218967422,0.06961656567431308,0.1291022678344929,0.0,0.017736891010953763,0.05123434350657671,0.017736891010953763,0.11511625387794276,0.018076646370089728,0.01842370885340728,0.01740414141857827,0.0,0.0,0.01951206164045304,0.04135831363621123,0.10246868701315343,0.16268981733080753,0.0,0.14524005131380455,0.03289035825084079,0.05321067303286129,0.16758543990564986,0.0,0.018076646370089728,0.01951206164045304,0.04933553737626118,0.05027563197169496,0.034156229004384475,0.05742318531914749,0.1291022678344929,0.017736891010953763,0.0,0.0,0.06578071650168157,0.052212424255734816,0.17078114502192238,0.03351708798112997,0.06578071650168157,0.1291022678344929,0.01740414141857827,0.08379271995282493,0.06831245800876895,0.03480828283715654,0.06961656567431308,0.10442484851146963,0.04933553737626118,0.07094756404381505,0.017078114502192238,0.01951206164045304,0.17751561827242776,0.03227556695862323,0.08068891739655808,0.11511625387794276,0.05527112656022184,0.08702070709289136,0.06703417596225994,0.1936534017517394,0.0,0.05321067303286129,0.03227556695862323,0.0,0.017078114502192238,0.034156229004384475,0.0,0.08868445505476881,0.018076646370089728,0.03480828283715654,0.036153292740179456,0.03902412328090608,0.03480828283715654,0.04056134556516735,0.03828212354609833,0.3184123358207347,0.016758543990564985,0.03684741770681456,0.05321067303286129,0.05027563197169496,0.14524005131380455,0.052212424255734816,0.016137783479311614,0.03351708798112997,0.016758543990564985,0.0,0.0,0.03227556695862323,0.08379271995282493,0.0921185442670364,0.07511359876458744,0.01740414141857827,0.10055126394338992,0.10055126394338992,0.02479255275316968,0.034156229004384475,0.09570530886524582,0.07230658548035891,0.27434231914829743,0.08222589562710197,0.03227556695862323
BushGW_2003,0.043669868695102046,0.2822710422290054,0.17181715613939458,0.06617854497936304,0.20863511816926486,0.04124143074137625,0.013488762373643713,0.02597553631780054,0.06744381186821856,0.05002570366538515,0.013747143580458749,0.014011081796202762,0.013235708995872607,0.04451629590418402,0.0,0.029677530602789343,0.04717899527619779,0.09091437711230188,0.12372429222412874,0.0,0.12272654009956756,0.07503855549807772,0.14837638611008083,0.25489474731212264,0.0,0.027494287160917497,0.014838765301394672,0.03751927774903886,0.12744737365606132,0.02597553631780054,0.11645298318693881,0.18408981014935133,0.040466287120931144,0.014011081796202762,0.06372368682803066,0.06253212958173143,0.013235708995872607,0.06493884079450135,0.06372368682803066,0.15007711099615545,0.08590857806969729,0.013235708995872607,0.10195789892484906,0.06493884079450135,0.026471417991745214,0.0,0.05294283598349043,0.06253212958173143,0.040466287120931144,0.15585321790680323,0.07419382650697336,0.15954450212943783,0.012272654009956757,0.13499919410952432,0.03751927774903886,0.16813298155443313,0.026471417991745214,0.11470263629045518,0.38045227430865947,0.026977524747287426,0.12139886136279342,0.024545308019913514,0.05195107263560108,0.05195107263560108,0.02597553631780054,0.06807753965484692,0.08093257424186229,0.027494287160917497,0.013235708995872607,0.06873571790229374,0.014838765301394672,0.06617854497936304,0.015423287867809065,0.014556622898367351,0.12744737365606132,0.025489474731212266,0.028022163592405523,0.040466287120931144,0.025489474731212266,0.1104538860896108,0.0,0.024545308019913514,0.025489474731212266,0.06372368682803066,0.04451629590418402,0.0,0.06136327004978378,0.0382342120968184,0.15412189975823037,0.0,0.03970712698761782,0.191171060484092,0.11470263629045518,0.0,0.05195107263560108,0.029113245796734702,0.054988574321834995,0.3068163502489189,0.06253212958173143,0.15954450212943783
BushGW_2004,0.03119373141619554,0.40764008741327423,0.17094584310879243,0.05672622756016855,0.1840955233479303,0.10310677665688595,0.04335808177055118,0.09741128424196305,0.0,0.053600631648541064,0.029459079044824556,0.015012339244225226,0.0,0.01589917052160439,0.048625767115248915,0.047697511564813166,0.134801312768475,0.18090667073507422,0.07364769761206139,0.03241717807683261,0.15779616286965456,0.09380110538494686,0.014452693923517059,0.15021049485213508,0.03797447210352422,0.04418861856723684,0.01589917052160439,0.0402004737364058,0.1911769934481719,0.02783179549770373,0.03119373141619554,0.11834712215224091,0.0722634696175853,0.0,0.0682774976600614,0.026800315824270532,0.028363113780084274,0.11132718199081491,0.01365549953201228,0.06700078956067633,0.1314968023913788,0.08508934134025281,0.23214349204420878,0.013915897748851864,0.09927089823029495,0.028363113780084274,0.07090778445021069,0.06700078956067633,0.014452693923517059,0.04174769324655559,0.06359668208641756,0.10519744191310303,0.026299360478275757,0.11834712215224091,0.0804009474728116,0.060049356976900906,0.028363113780084274,0.05462199812804912,0.2498439245436197,0.057810775694068235,0.057810775694068235,0.03944904071741364,0.08349538649311118,0.05566359099540746,0.04174769324655559,0.16412059068111426,0.057810775694068235,0.04418861856723684,0.014181556890042137,0.07364769761206139,0.03179834104320878,0.12763401201037924,0.09915278481736249,0.17156552278907547,0.10924399625609824,0.04096649859603684,0.04503701773267568,0.028905387847034118,0.02731099906402456,0.09204776167396515,0.042544670670126405,0.07889808143482728,0.0682774976600614,0.08193299719207368,0.1430925346944395,0.01937979297137118,0.026299360478275757,0.0682774976600614,0.19516041017492797,0.03060270967916592,0.042544670670126405,0.1365549953201228,0.08193299719207368,0.0,0.06957948874425933,0.10917805995668438,0.05891815808964911,0.15779616286965456,0.12060142120921738,0.1314968023913788
BushGW_2005,0.04569282919809055,0.19261757599941348,0.05136468693317693,0.013848839223367498,0.17977640426611927,0.07191982737218312,0.028227230062711887,0.0815364767353545,0.028227230062711887,0.03925731862836657,0.11507172379549299,0.014660130349010486,0.013848839223367498,0.06210462167047695,0.0,0.046578466252857706,0.01645483745282867,0.12230471510303174,0.08630379284661975,0.07914157287916689,0.19261757599941348,0.07851463725673315,0.014113615031355943,0.2133619816215214,0.018541770936420735,0.014383965474436624,0.015526155417619238,0.03925731862836657,0.14668636236479596,0.01358941278922575,0.06092377226412074,0.16693523253282502,0.056454460125423774,0.014660130349010486,0.04000537155403527,0.03925731862836657,0.05539535689346999,0.2446094302060635,0.06667561925672544,0.1832008202657107,0.12841171733294232,0.013848839223367498,0.1200161146621058,0.054357651156903,0.04154651767010249,0.0,0.06924419611683749,0.03925731862836657,0.056454460125423774,0.054357651156903,0.10868308792333467,0.1540940607995308,0.0385235151998827,0.05136468693317693,0.052343091504488765,0.043980391047031456,0.013848839223367498,0.13335123851345088,0.23114109119929618,0.0,0.028227230062711887,0.06420585866647116,0.01358941278922575,0.04076823836767725,0.01358941278922575,0.017807789928299254,0.08468169018813566,0.057535861897746496,0.0,0.07191982737218312,0.10868308792333467,0.05539535689346999,0.016137755374012006,0.015230943066030185,0.3867185916890076,0.026670247702690175,0.26388234628218876,0.04234084509406783,0.06667561925672544,0.06420585866647116,0.06924419611683749,0.0385235151998827,0.09334586695941562,0.17335661006748615,0.06210462167047695,0.0,0.0385235151998827,0.05334049540538035,0.07330065174505243,0.0,0.04154651767010249,0.06667561925672544,0.05334049540538035,0.0,0.0271788255784515,0.21323320292442258,0.057535861897746496,0.17977640426611927,0.06542886438061096,0.1540940607995308
BushGW_2006,0.014261736035749747,0.45691335280612083,0.21643264080289934,0.03890274329349529,0.12024035600161075,0.06734327541453448,0.02643101628241481,0.07634797815495764,0.05286203256482962,0.03675921532382254,0.05387462033162759,0.027454492920216268,0.03890274329349529,0.0,0.04446328307959125,0.043614488463942225,0.0462232470923241,0.08907264118078392,0.12121789574616208,0.0,0.1442884272019329,0.06126535887303757,0.07929304884724443,0.21227144401408496,0.06944752969902407,0.0,0.014538162821314076,0.0857715024222526,0.19978488848384465,0.025449326051652548,0.08557041621449848,0.1442884272019329,0.039646524423622216,0.013727246460108134,0.07491933318144174,0.06126535887303757,0.051870324391327056,0.19086994538739413,0.08740588871168203,0.12253071774607514,0.10821632040144967,0.025935162195663528,0.07491933318144174,0.08907264118078392,0.0,0.051870324391327056,0.025935162195663528,0.11027764597146762,0.10572406512965923,0.03817398907747882,0.014538162821314076,0.18036053400241614,0.06012017800080537,0.08416824920112753,0.09802457419686011,0.041181739380324406,0.051870324391327056,0.07491933318144174,0.2404807120032215,0.039646524423622216,0.06607754070603702,0.03607210680048323,0.03817398907747882,0.025449326051652548,0.03817398907747882,0.050023822865687205,0.039646524423622216,0.026937310165813796,0.06483790548915883,0.0942805855803483,0.058152651285256304,0.03890274329349529,0.04533253253378127,0.014261736035749747,0.11237899977216262,0.03745966659072087,0.041181739380324406,0.06607754070603702,0.02497311106048058,0.09619228480128861,0.025935162195663528,0.024048071200322152,0.12486555530240291,0.03745966659072087,0.014538162821314076,0.0,0.048096142400644304,0.07491933318144174,0.15099971106118948,0.041974564850841924,0.025935162195663528,0.08740588871168203,0.08740588871168203,0.03694516502903284,0.03817398907747882,0.028523472071499495,0.05387462033162759,0.32464896120434905,0.11027764597146762,0.13226439160177184
BushGW_2007,0.016994837005796855,0.34387935605775266,0.12895475852165725,0.061810687440764275,0.17193967802887633,0.06419908410800054,0.03149622265418602,0.1061424089429707,0.06299244530837204,0.05840493951305627,0.06419908410800054,0.06543167410843902,0.0463580155805732,0.0,0.07064556019324134,0.017324237869262994,0.07344188189933072,0.15163201277567243,0.1444479392430012,0.0,0.15761137152646998,0.1314111139043766,0.09448866796255809,0.2083124842976053,0.0,0.0,0.03464847573852599,0.014601234878264067,0.10415624214880265,0.0,0.050984511017390564,0.1146264520192509,0.03149622265418602,0.016357918527109754,0.13391516847703197,0.0876074092695844,0.16997939046210178,0.030326402555134486,0.08927677898468799,0.219018523173961,0.14328306502406363,0.015452671860191069,0.26783033695406394,0.015163201277567243,0.0463580155805732,0.061810687440764275,0.07726335930095535,0.0438037046347922,0.06299244530837204,0.07581600638783621,0.03464847573852599,0.08596983901443817,0.028656613004812724,0.08596983901443817,0.05840493951305627,0.04907375558132926,0.12362137488152855,0.04463838949234399,0.24358121054090814,0.03149622265418602,0.06299244530837204,0.04298491950721908,0.015163201277567243,0.0,0.030326402555134486,0.039740216472859205,0.07874055663546506,0.03209954205400027,0.030905343720382138,0.11234839718900094,0.03464847573852599,0.061810687440764275,0.0,0.06797934802318742,0.14879463164114665,0.04463838949234399,0.04907375558132926,0.03149622265418602,0.059517852656458654,0.14328306502406363,0.0463580155805732,0.04298491950721908,0.07439731582057332,0.029758926328229327,0.051972713607788976,0.042233667830266886,0.014328306502406362,0.14879463164114665,0.19629502232531704,0.016672839039164163,0.030905343720382138,0.1636740948052613,0.10415624214880265,0.0,0.09097920766540345,0.03398967401159371,0.016049771027000136,0.14328306502406363,0.1752148185391688,0.15761137152646998
BushGW_2008,0.014536443442409517,0.36766922276458625,0.24511281517639083,0.03965208206230423,0.13481204834701496,0.05491234513588583,0.026940126528188797,0.1037581085135652,0.026940126528188797,0.02497817718696865,0.12355277655574312,0.0699582930462252,0.0,0.029636389437979516,0.030213152084250863,0.014818194718989758,0.04711359230024945,0.1037581085135652,0.13728086283971458,0.015106576042125432,0.33090230048812763,0.07493453156090596,0.06735031632047199,0.15272483613567456,0.0,0.0,0.0,0.03746726578045298,0.07636241806783728,0.0518790542567826,0.07268221721204758,0.04902256303527817,0.08082037958456639,0.0,0.11454362710175592,0.02497817718696865,0.17182568893665165,0.11672787207776085,0.16545190581364744,0.1373799745283276,0.03676692227645863,0.06608680343717373,0.08908948774581016,0.06484881782097825,0.03965208206230423,0.06608680343717373,0.052869442749738975,0.062445442967421626,0.08082037958456639,0.0518790542567826,0.04445458415696927,0.22060153365875174,0.024511281517639084,0.08578948531173679,0.03746726578045298,0.05596663443698015,0.026434721374869487,0.10181655742378304,0.3554135820057667,0.013470063264094398,0.0942904428486608,0.03676692227645863,0.038909290692586945,0.0518790542567826,0.07781858138517389,0.0,0.06735031632047199,0.041184258851914374,0.03965208206230423,0.08236851770382875,0.04445458415696927,0.013217360687434744,0.04620572093233656,0.08721866065445709,0.1272706967797288,0.03818120903391864,0.013991658609245037,0.05388025305637759,0.0636353483898644,0.06127820379409771,0.03965208206230423,0.03676692227645863,0.10181655742378304,0.02545413935594576,0.08890916831393854,0.0,0.08578948531173679,0.11454362710175592,0.1119332688739603,0.09982716935983366,0.013217360687434744,0.05090827871189152,0.05090827871189152,0.018828398610407623,0.0259395271283913,0.058145773769638066,0.06864043141985729,0.15932332986465403,0.07493453156090596,0.13481204834701496
BushG_1989,0.017769526357062207,0.3595546858751001,0.10487011671357087,0.0,0.13483300720316255,0.13425104539305108,0.11526179123912446,0.142689579311963,0.11526179123912446,0.25953585049094535,0.05034414202239416,0.05131072413021778,0.11309944418362292,0.03622788513109953,0.0184664634240834,0.05434182769664929,0.07678964238828938,0.06341759080531688,0.03356276134826277,0.0184664634240834,0.14981445244795838,0.030533629469522983,0.06586388070807112,0.031115451449576812,0.02163217904058609,0.10068828404478831,0.09056971282774882,0.12213451787809193,0.0,0.09512638620797531,0.07107810542824883,0.08988867146877502,0.13172776141614223,0.017103574710072594,0.062230902899153624,0.061067258939045965,0.016157063454803274,0.06341759080531688,0.2333658858718261,0.09160088840856895,0.10487011671357087,0.1292565076384262,0.031115451449576812,0.047563193103987655,0.03231412690960655,0.1292565076384262,0.04847119036440982,0.015266814734761491,0.06586388070807112,0.047563193103987655,0.03622788513109953,0.1647958976927542,0.13483300720316255,0.029962890489591675,0.09160088840856895,0.05131072413021778,0.08078531727401637,0.09334635434873044,0.19475878818234588,0.01646597017701778,0.06586388070807112,0.1198515619583667,0.142689579311963,0.03170879540265844,0.03170879540265844,0.1662069071469082,0.06586388070807112,0.016781380674131385,0.016157063454803274,0.03356276134826277,0.0,0.04847119036440982,0.03765495914719747,0.10661715814237323,0.10890408007351884,0.015557725724788406,0.03420714942014519,0.06586388070807112,0.062230902899153624,0.014981445244795838,0.03231412690960655,0.07490722622397919,0.07778862862394204,0.04667317717436522,0.07245577026219906,0.1324765174404477,0.04494433573438751,0.04667317717436522,0.35917506891152445,0.0,0.04847119036440982,0.015557725724788406,0.015557725724788406,0.0,0.0792719885066461,0.0,0.016781380674131385,0.1198515619583667,0.061067258939045965,0.13483300720316255
BushG_1990,0.01874891805908508,0.3319505290575167,0.3161433610071588,0.06819032825129888,0.047421504151073816,0.07082523751176018,0.0,0.05018470341955347,0.05212054380215088,0.1288661285545255,0.017706309377940044,0.0,0.01704758206282472,0.057336951711178974,0.07793707105572445,0.15289853789647728,0.0810220083526475,0.11709764131229143,0.03541261875588009,0.019484267763931112,0.0790358402517897,0.032216532138631376,0.0,0.08207605507837588,0.022824466118097478,0.05311892813382013,0.057336951711178974,0.048324798207947064,0.016415211015675175,0.08364117236592246,0.01874891805908508,0.3635648651582326,0.0,0.09023130788996651,0.049245633047025526,0.11275786248520983,0.05114274618847415,0.11709764131229143,0.18056732117242694,0.06443306427726275,0.12645734440286352,0.01704758206282472,0.03283042203135035,0.08364117236592246,0.01704758206282472,0.03409516412564944,0.03409516412564944,0.048324798207947064,0.10424108760430176,0.0,0.057336951711178974,0.11065017635250557,0.06322867220143176,0.0790358402517897,0.032216532138631376,0.0,0.03409516412564944,0.049245633047025526,0.14226451245322144,0.08686757300358479,0.0,0.09484300830214763,0.016728234473184493,0.0,0.06691293789273797,0.0,0.03474702920143392,0.017706309377940044,0.01704758206282472,0.017706309377940044,0.0,0.05114274618847415,0.09932590905671744,0.07499567223634032,0.049245633047025526,0.03283042203135035,0.0541387847339799,0.06949405840286783,0.1477368991410766,0.047421504151073816,0.08523791031412359,0.047421504151073816,0.016415211015675175,0.08207605507837588,0.01911231723705966,0.16307449846383942,0.18968601660429527,0.049245633047025526,0.1985088773579263,0.0,0.13638065650259776,0.0656608440627007,0.049245633047025526,0.0,0.0,0.03749783611817016,0.017706309377940044,0.3635648651582326,0.06443306427726275,0.09484300830214763
BushG_1991,0.0,0.21527751860151167,0.23065448421590537,0.04975086284023046,0.1691466217583306,0.12057094396447864,0.0,0.03254592922200866,0.06760273206821306,0.10968908337432028,0.05167326169906228,0.0,0.01658362094674349,0.1301451410022156,0.0,0.018592163000316513,0.039408470653273256,0.03254592922200866,0.05167326169906228,0.13267793454917853,0.06150786245757476,0.0626794762138973,0.016900683017053265,0.06387384116798529,0.08881313326884795,0.03444884113270818,0.0,0.10968908337432028,0.04790538087598897,0.048818893833012994,0.03647730793816769,0.1537696561439369,0.08450341508526632,0.017555120744532943,0.11177922204397427,0.047009607160422975,0.09950172568046092,0.24409446916506497,0.22355844408794853,0.1410288214812689,0.06150786245757476,0.13266896757394792,0.015968460291996323,0.01627296461100433,0.01658362094674349,0.03316724189348698,0.01658362094674349,0.015669869053474325,0.016900683017053265,0.01627296461100433,0.0,0.10763875930075584,0.06150786245757476,0.18452358737272428,0.047009607160422975,0.0,0.08291810473371744,0.12774768233597059,0.21527751860151167,0.0,0.2028081962046392,0.01537696561439369,0.06509185844401733,0.08136482305502166,0.03254592922200866,0.02132436035302181,0.016900683017053265,0.01722442056635409,0.01658362094674349,0.03444884113270818,0.09296081500158257,0.09950172568046092,0.0,0.018238653969083845,0.04790538087598897,0.04790538087598897,0.0,0.06760273206821306,0.031936920583992646,0.1691466217583306,0.01658362094674349,0.06150786245757476,0.031936920583992646,0.031936920583992646,0.0,0.09064932522020958,0.06150786245757476,0.09581076175197795,0.14044096595626354,0.05367926891216855,0.09950172568046092,0.1916215235039559,0.07984230145998163,0.0,0.01627296461100433,0.018238653969083845,0.01722442056635409,0.445932002817417,0.047009607160422975,0.07688482807196845
BushG_1992,0.0,0.13987283516983928,0.25177110330571073,0.060339553000799434,0.06993641758491964,0.078338880348359,0.06149318426489057,0.014802307255139067,0.10761307246355849,0.08552229612315491,0.015667776069671797,0.03193717891894371,0.07542444125099929,0.05073572932412247,0.0,0.11838336842295245,0.03584695874471514,0.11841845804111253,0.015667776069671797,0.0,0.195821969237775,0.04276114806157746,0.04611988819866793,0.23240515668425982,0.08078671086447868,0.078338880348359,0.016911909774707492,0.0712685801026291,0.13072790063489614,0.0444069217654172,0.016590348865379762,0.08392370110190357,0.06149318426489057,0.12774871567577484,0.1597785452204286,0.08552229612315491,0.030169776500399717,0.029604614510278134,0.10167725604936367,0.1425371602052582,0.02797456703396786,0.105594217751399,0.1888291898059611,0.05920922902055627,0.030169776500399717,0.030169776500399717,0.04525466475059957,0.05701486408210328,0.015373296066222642,0.0,0.06764763909882997,0.08392370110190357,0.01398728351698393,0.01398728351698393,0.08552229612315491,0.06387435783788742,0.0,0.029050644585532477,0.3636693714415822,0.04611988819866793,0.07686648033111321,0.0979109846188875,0.05920922902055627,0.0444069217654172,0.0444069217654172,0.01939718677635921,0.015373296066222642,0.031335552139343595,0.030169776500399717,0.12534220855737438,0.08455954887353746,0.28661287675379726,0.017578096799280997,0.04977104659613929,0.058101289171064954,0.014525322292766239,0.015968589459471855,0.07686648033111321,0.058101289171064954,0.06993641758491964,0.105594217751399,0.02797456703396786,0.07262661146383119,0.11620257834212991,0.06764763909882997,0.020614239575516332,0.01398728351698393,0.13072790063489614,0.12774871567577484,0.06510405863656284,0.015084888250199859,0.029050644585532477,0.029050644585532477,0.10744364767098649,0.10361615078597347,0.06636139546151905,0.015667776069671797,0.30772023737364645,0.21380574030788732,0.05594913406793572
Ford_1975,0.0,0.04136197310542373,0.11029859494779662,0.08921542790570802,0.05514929747389831,0.06177517186747306,0.015153522785195526,0.029181393410753348,0.16668875063715077,0.0983496360781864,0.03088758593373653,0.06296122397673869,0.04460771395285401,0.016670140808338053,0.050983690226051856,0.033340281616676105,0.0,0.0,0.0,0.016994563408683952,0.27574648736949153,0.028099896022338974,0.03030704557039105,0.04295301437848872,0.0,0.015443792966868266,0.033340281616676105,0.16859937613403383,0.057270685837984954,0.0,0.40882942158747937,0.04136197310542373,0.03030704557039105,0.04722091798255401,0.24340041481143607,0.028099896022338974,0.029738475968569343,0.0,0.08590602875697743,0.07024974005584744,0.05514929747389831,0.11895390387427737,0.014317671459496238,0.029181393410753348,0.014869237984284672,0.11895390387427737,0.014869237984284672,0.028099896022338974,0.09092113671117316,0.11672557364301339,0.033340281616676105,0.12408591931627119,0.05514929747389831,0.13787324368474577,0.0,0.07870152997092336,0.04460771395285401,0.028635342918992477,0.1792352167901695,0.13638170506675973,0.04546056835558658,0.15166056805322034,0.18967905716989675,0.16049766375914343,0.014590696705376674,0.15295911066466586,0.015153522785195526,0.03088758593373653,0.0,0.015443792966868266,0.016670140808338053,0.014869237984284672,0.0,0.0,0.057270685837984954,0.0,0.01574030599418467,0.13638170506675973,0.1431767145949624,0.09651127057932204,0.029738475968569343,0.013787324368474577,0.014317671459496238,0.0715883572974812,0.16670140808338052,0.0,0.05514929747389831,0.014317671459496238,0.0,0.032086672620761744,0.07434618992142336,0.10022370021647367,0.10022370021647367,0.0,0.014590696705376674,0.0,0.0,0.3446831092118644,0.14049948011169489,0.20680986552711866
Ford_1976,0.0,0.22796821940712,0.1799749100582526,0.0905789882617487,0.2039715647326863,0.04031957435520773,0.039561757269847835,0.13967202447517568,0.07912351453969567,0.17117623341921706,0.0,0.05479158643370023,0.10351884372771282,0.014507079171451012,0.02957881156357211,0.0,0.015374806142327448,0.03809237031141155,0.0537594324736103,0.02957881156357211,0.16797658272103577,0.061134369078291805,0.013187252423282612,0.0498394334641362,0.10394856874161491,0.06719929059201288,0.0,0.036680621446975085,0.16197815875844265,0.025394913540941033,0.12808119065819548,0.10798494603495158,0.07912351453969567,0.0684894830421253,0.42363518444515774,0.024453747631316722,0.0388195663978923,0.0761847406228231,0.13705844202637454,0.23231060249750887,0.08398829136051789,0.12939855465964104,0.0996788669282724,0.0761847406228231,0.0388195663978923,0.05175942186385641,0.0776391327957846,0.012226873815658361,0.06593626211641306,0.03809237031141155,0.05802831668580405,0.05999163668608421,0.05999163668608421,0.03599498201165052,0.036680621446975085,0.04109368982527517,0.025879710931928205,0.0249197167320681,0.2039715647326863,0.05274900969313045,0.06593626211641306,0.10798494603495158,0.050789827081882066,0.19046185155705775,0.050789827081882066,0.14975060487847208,0.026374504846565224,0.02687971623680515,0.025879710931928205,0.04031957435520773,0.1160566333716081,0.0776391327957846,0.0,0.0,0.0996788669282724,0.03737957509810215,0.0958852762589754,0.07912351453969567,0.13705844202637454,0.1439799280466021,0.1552782655915692,0.05999163668608421,0.01245985836603405,0.0996788669282724,0.05802831668580405,0.0,0.03599498201165052,0.01245985836603405,0.027395793216850116,0.0,0.0776391327957846,0.08721900856223834,0.08721900856223834,0.0921654339454663,0.0761847406228231,0.014231243406466166,0.04031957435520773,0.16797658272103577,0.061134369078291805,0.10798494603495158
Nixon_1970,0.0,0.3759494664169527,0.20886081467608483,0.04505009204122879,0.09746838018217292,0.062387800940297534,0.015303801421956502,0.08841236251885773,0.0765190071097825,0.07094641206525766,0.04679085070522315,0.015896403804610486,0.015016697347076264,0.05050637958378215,0.05148929935554749,0.0,0.0,0.014735393753142957,0.0,0.0,0.2367089232995628,0.014189282413051531,0.061215205687826006,0.014459660895155827,0.18094841173772122,0.04679085070522315,0.01683545986126072,0.056757129652206126,0.014459660895155827,0.029470787506285914,0.0,0.055696217246955955,0.030607602843913003,0.04768921141383146,0.13013694805640244,0.08513569447830918,0.0,0.07367696876571478,0.08675796537093497,0.17027138895661836,0.18101270605260686,0.1651836708178389,0.028919321790311654,0.07367696876571478,0.04505009204122879,0.07508348673538133,0.03003339469415253,0.028378564826103063,0.030607602843913003,0.029470787506285914,0.05050637958378215,0.15316459742912888,0.04177216293521697,0.19493676036434585,0.014189282413051531,0.0,0.04505009204122879,0.23135457432249323,0.32025324916999676,0.09182280853173902,0.015303801421956502,0.055696217246955955,0.08841236251885773,0.19156011879085844,0.08841236251885773,0.09654751111644364,0.0,0.0,0.015016697347076264,0.062387800940297534,0.15151913875134645,0.015016697347076264,0.0,0.0,0.014459660895155827,0.014459660895155827,0.015896403804610486,0.061215205687826006,0.08675796537093497,0.06962027155869493,0.06006678938830506,0.013924054311738989,0.028919321790311654,0.043378982685467485,0.01683545986126072,0.0,0.15316459742912888,0.028919321790311654,0.015896403804610486,0.0,0.04505009204122879,0.05783864358062331,0.05783864358062331,0.021391590208428936,0.05894157501257183,0.0,0.031193900470148767,0.2924051405465188,0.11351425930441225,0.19493676036434585
Nixon_1971,0.03690581386878582,0.21780642489048097,0.12446081422313199,0.03355686384359624,0.10371734518594332,0.034853518274818265,0.0,0.06585650498606743,0.04559791621611269,0.08455437871911038,0.0,0.023681792151987326,0.022371242562397496,0.0501615165439956,0.025568862416455812,0.1003230330879912,0.0,0.05488042082172287,0.0,0.06392215604113953,0.3526389736322073,0.010569297339888798,0.022798958108056346,0.03231208971377379,0.014976073029108958,0.023235678849878844,0.0,0.010569297339888798,0.08616557257006344,0.010976084164344573,0.01230193795626194,0.031115203555782997,0.0,0.023681792151987326,0.20464323485390065,0.07398508137922159,0.011185621281198748,0.0,0.02154139314251586,0.5073262723146623,0.2281781594090753,0.0,0.03231208971377379,0.10976084164344574,0.022371242562397496,0.03355686384359624,0.04474248512479499,0.04227718935955519,0.0,0.010976084164344573,0.0752422748159934,0.17631948681610365,0.062230407111565994,0.062230407111565994,0.010569297339888798,0.0,0.06711372768719248,0.02154139314251586,0.42524111526236763,0.011399479054028173,0.11399479054028173,0.031115203555782997,0.04390433665737829,0.04390433665737829,0.032928252493033716,0.12944917021731356,0.0,0.06970703654963653,0.0,0.034853518274818265,0.0250807582719978,0.0,0.0,0.01230193795626194,0.0,0.03231208971377379,0.0,0.011399479054028173,0.04308278628503172,0.1970629558532923,0.03355686384359624,0.041486938074377325,0.0,0.07539487599880551,0.0250807582719978,0.0,0.062230407111565994,0.04308278628503172,0.059204480379968324,0.0,0.0,0.02154139314251586,0.02154139314251586,0.09560486749265386,0.07683258915041201,0.01230193795626194,0.0,0.062230407111565994,0.06341578403933279,0.13483254874172632
Nixon_1972,0.01997638704204216,0.31999884016407526,0.16842044219161856,0.036327333272753164,0.10105226531497112,0.07546208012754663,0.1665984382489139,0.07129364698555253,0.018510937583212657,0.06865141904461403,0.03773104006377331,0.019227728491204493,0.036327333272753164,0.08145431009823906,0.02075987920244113,0.10181788762279882,0.0,0.0,0.0,0.04151975840488226,0.3873670170407226,0.017162854761153506,0.05553281274963797,0.05246968506543089,0.09727502520758095,0.05659656009565997,0.0,0.0,0.017489895021810295,0.0534702352391644,0.0,0.03368408843832371,0.0,0.019227728491204493,0.13991916017448236,0.12013998332807455,0.018163666636376582,0.07129364698555253,0.10493937013086178,0.08581427380576753,0.23578861906826595,0.018163666636376582,0.06995958008724118,0.07129364698555253,0.05449099990912974,0.05449099990912974,0.09081833318188291,0.017162854761153506,0.037021875166425314,0.017823411746388133,0.0,0.31999884016407526,0.08421022109580928,0.10105226531497112,0.08581427380576753,0.019227728491204493,0.07265466654550633,0.13991916017448236,0.11789430953413298,0.037021875166425314,0.05553281274963797,0.10105226531497112,0.1069404704783288,0.08911705873194067,0.08911705873194067,0.0,0.018510937583212657,0.018865520031886657,0.018163666636376582,0.05659656009565997,0.0,0.07265466654550633,0.08466292492683679,0.09988193521021081,0.017489895021810295,0.017489895021810295,0.0,0.07404375033285063,0.03497979004362059,0.06736817687664742,0.12714566645463607,0.06736817687664742,0.06995958008724118,0.03497979004362059,0.10181788762279882,0.0,0.11789430953413298,0.06995958008724118,0.0,0.01959789821005094,0.05449099990912974,0.05246968506543089,0.05246968506543089,0.05174902368842518,0.035646823492776265,0.07990554816816864,0.018865520031886657,0.2694727075065897,0.10297712856692104,0.2694727075065897
Nixon_1973,0.0,0.09060447332955977,0.27181341998867936,0.0,0.12080596443941304,0.0,0.09958255237539101,0.2237290931437826,0.0,0.0,0.06766005695170155,0.034479547941638385,0.03257145090598541,0.036516375184021774,0.0,0.0,0.0,0.031961299020540374,0.0,0.07445406258473236,0.24161192887882607,0.09233032500275831,0.0,0.0,0.043608881006187476,0.06766005695170155,0.0,0.09233032500275831,0.0,0.031961299020540374,0.0,0.06040298221970652,0.0,0.034479547941638385,0.15681615074151534,0.061553550001838875,0.0977143527179562,0.06392259804108075,0.0,0.40009807501195266,0.06040298221970652,0.03257145090598541,0.03136323014830307,0.06392259804108075,0.0977143527179562,0.03257145090598541,0.0,0.0,0.0,0.0,0.07303275036804355,0.03020149110985326,0.03020149110985326,0.09060447332955977,0.030776775000919437,0.0,0.06514290181197081,0.12545292059321228,0.27181341998867936,0.0,0.0,0.06040298221970652,0.031961299020540374,0.15980649510270187,0.0,0.0,0.0,0.06766005695170155,0.06514290181197081,0.033830028475850774,0.07303275036804355,0.0,0.0,0.0,0.0,0.03136323014830307,0.06895909588327677,0.19916510475078203,0.25090584118642456,0.06040298221970652,0.0,0.06040298221970652,0.0,0.0,0.18258187592010888,0.0,0.06040298221970652,0.12545292059321228,0.0,0.035143343697509766,0.22800015634189782,0.03136323014830307,0.03136323014830307,0.0,0.15980649510270187,0.0,0.16915014237925385,0.1510074555492663,0.061553550001838875,0.24161192887882607
Nixon_1974,0.02519592926641558,0.28677547538447534,0.21242627806257433,0.08018349894252907,0.13807708074067332,0.09517923482302924,0.046695157940229846,0.04496082506842412,0.046695157940229846,0.01082363076120046,0.011897404352878655,0.0,0.045819142252873764,0.025684287045508025,0.013092068322044442,0.0,0.0,0.03372061880131809,0.02379480870575731,0.052368273288177766,0.21242627806257433,0.03247089228360138,0.023347578970114923,0.011029876346486642,0.07668224268234737,0.03569221305863597,0.0,0.03247089228360138,0.033089629039459924,0.05620103133553015,0.21416539876453242,0.09559182512815845,0.011673789485057462,0.012125828509395616,0.09926888711837978,0.14070719989560596,0.045819142252873764,0.03372061880131809,0.0772091344254065,0.09741267685080413,0.16994102245005946,0.022909571126436882,0.08823901077189314,0.07868144386974221,0.03436435668965532,0.011454785563218441,0.0,0.04329452304480184,0.08171652639540224,0.04496082506842412,0.012842143522754012,0.09559182512815845,0.05310656951564358,0.10621313903128717,0.054118153806002295,0.012125828509395616,0.03436435668965532,0.29780666135513933,0.21242627806257433,0.046695157940229846,0.023347578970114923,0.11683445293441588,0.1124020626710603,0.01124020626710603,0.08992165013684825,0.029458702161740888,0.03502136845517239,0.09517923482302924,0.022909571126436882,0.05948702176439327,0.038526430568262035,0.045819142252873764,0.026696031963324957,0.01259796463320779,0.033089629039459924,0.011029876346486642,0.012125828509395616,0.0,0.0772091344254065,0.16994102245005946,0.03436435668965532,0.042485255612514865,0.011029876346486642,0.154418268850813,0.025684287045508025,0.0,0.11683445293441588,0.0772091344254065,0.09700662807516493,0.049437093507613245,0.10309307006896597,0.1323585161578397,0.1323585161578397,0.11422302196098631,0.03372061880131809,0.02519592926641558,0.08328183047015059,0.2018049641594456,0.054118153806002295,0.42485255612514866
Reagan_1981,0.06724708067032037,0.08504377972919706,0.09921774301739658,0.04585865125389892,0.05669585315279804,0.0,0.09347084462684037,0.04499959395837664,0.3738833785073615,0.0866637102265236,0.03175376870706982,0.097090275100832,0.015286217084632975,0.017137622754910365,0.0,0.05141286826473109,0.0,0.02999972930558443,0.01587688435353491,0.0,0.01417396328819951,0.144439517044206,0.07789237052236696,0.0,0.0,0.09526130612120946,0.0,0.2022153238618884,0.10303428058340387,0.02999972930558443,0.016811770167580092,0.02834792657639902,0.031156948208946787,0.016181712516805332,0.27966447586923904,0.0577758068176824,0.015286217084632975,0.0,0.029438365880972536,0.288879034088412,0.01417396328819951,0.1222897366770638,0.029438365880972536,0.0,0.07643108542316487,0.15286217084632975,0.015286217084632975,0.0144439517044206,0.046735422313420184,0.13499878187512993,0.10282573652946218,0.02834792657639902,0.09921774301739658,0.01417396328819951,0.0144439517044206,0.016181712516805332,0.015286217084632975,0.0,0.15591359617019462,0.17136321514920733,0.046735422313420184,0.04252188986459853,0.41999621027818196,0.2549976990974676,0.0,0.019656069238078087,0.031156948208946787,0.04763065306060473,0.03057243416926595,0.03175376870706982,0.017137622754910365,0.0611448683385319,0.05343810291831788,0.033623540335160185,0.05887673176194507,0.0441575488214588,0.11327198761763732,0.15578474104473392,0.05887673176194507,0.08504377972919706,0.03057243416926595,0.01417396328819951,0.029438365880972536,0.05887673176194507,0.017137622754910365,0.04177873060236957,0.01417396328819951,0.0883150976429176,0.032363425033610664,0.016493240733752013,0.015286217084632975,0.0,0.0,0.04355105309160669,0.07499932326396107,0.08405885083790046,0.01587688435353491,0.04252188986459853,0.1011076619309442,0.21260944932299267
Reagan_1982,0.10323842218623211,0.1367772485377315,0.18651442982417932,0.05364013824950188,0.1367772485377315,0.12535384658641208,0.08199852521265254,0.026317656266586685,0.1913298921628559,0.1013691696257697,0.0,0.08517371809939599,0.02682006912475094,0.01503420448551207,0.01532678963937485,0.06013681794204828,0.015933460949447496,0.06579414066646672,0.04178461552880403,0.0306535792787497,0.1616458391809554,0.07602687721932727,0.06833210434387711,0.012912596417348833,0.017954269314175063,0.02785641035253602,0.06013681794204828,0.13938260823543336,0.10330077133879066,0.039476484399880024,0.04424503807981376,0.037302885964835865,0.013666420868775422,0.0,0.29698971759902315,0.06335573101610606,0.0938702419366283,0.07895296879976005,0.1162133677561395,0.34212094748697275,0.012434295321611954,0.13410034562375472,0.025825192834697665,0.07895296879976005,0.01341003456237547,0.05364013824950188,0.01341003456237547,0.012671146203221212,0.10933136695020337,0.039476484399880024,0.07517102242756035,0.08704006725128367,0.07460577192967173,0.06217147660805977,0.025342292406442424,0.014195619683232664,0.01341003456237547,0.10330077133879066,0.19894872514579126,0.09566494608142795,0.05466568347510169,0.06217147660805977,0.1842235938661068,0.3421295314656269,0.06579414066646672,0.01724354471637423,0.027332841737550843,0.02785641035253602,0.01341003456237547,0.0,0.06013681794204828,0.01341003456237547,0.015626425712236665,0.014748346026604587,0.038737789252046496,0.038737789252046496,0.11356495746586132,0.15033062955652965,0.14203856059083717,0.11190865789450759,0.05364013824950188,0.012434295321611954,0.025825192834697665,0.07747557850409299,0.13530784036960863,0.07330187949681359,0.06217147660805977,0.19368894626023248,0.07097809841616333,0.014468911900220077,0.10728027649900376,0.0,0.0,0.057308599369565734,0.039476484399880024,0.029496692053209175,0.02785641035253602,0.11190865789450759,0.11404031582899089,0.14921154385934346
Reagan_1983,0.08086008866806184,0.23178802215629912,0.2590572012335108,0.07352258902790972,0.19088425354048164,0.12218166332776499,0.04495695996950962,0.10100343528617282,0.029971306646339745,0.0972601270093781,0.030545415831941248,0.046697808590074455,0.058818071222327774,0.06594188151318572,0.06722519620849463,0.09891282226977857,0.06988613165638022,0.07214531091869489,0.030545415831941248,0.05041889715637097,0.10907671630884665,0.08336582315089551,0.05994261329267949,0.09911343042138704,0.05906223543015251,0.09163624749582375,0.06594188151318572,0.23620316559420396,0.09911343042138704,0.10100343528617282,0.0,0.14998048492466415,0.029971306646339745,0.015565936196691485,0.08495436893261746,0.0972601270093781,0.044113553416745825,0.14429062183738978,0.15574967637646533,0.23620316559420396,0.05453835815442332,0.1617496958614014,0.04247718446630873,0.0,0.07352258902790972,0.058818071222327774,0.014704517805581943,0.06947151929241294,0.05994261329267949,0.014429062183738977,0.01648547037829643,0.040903768615817494,0.12271130584745249,0.06817294769302916,0.05557721543393034,0.015565936196691485,0.044113553416745825,0.15574967637646533,0.23178802215629912,0.11988522658535898,0.029971306646339745,0.040903768615817494,0.08657437310243385,0.1298615596536508,0.014429062183738977,0.07563232119466147,0.04495695996950962,0.045818123747911874,0.014704517805581943,0.030545415831941248,0.01648547037829643,0.044113553416745825,0.017134859276789528,0.016172017733612366,0.14159061488769575,0.02831812297753915,0.09339561718014891,0.2247847998475481,0.07079530744384788,0.09544212677024082,0.058818071222327774,0.09544212677024082,0.0566362459550783,0.09911343042138704,0.01648547037829643,0.040188889418215724,0.05453835815442332,0.1132724919101566,0.06226374478676594,0.14279048611478362,0.11763614244465555,0.0566362459550783,0.0566362459550783,0.02094688411435546,0.043287186551216925,0.11320412413528656,0.061090831663882496,0.1772496640018758,0.0972601270093781,0.19088425354048164
Reagan_1984,0.06288607785851857,0.31811461256746404,0.039764326570933005,0.014294899171299096,0.17231208180737634,0.10393082985287526,0.05827281277851565,0.11221693456668391,0.043704609583886736,0.1215652956490035,0.11877809126042886,0.06052928532049163,0.042884697513897285,0.03205248073618951,0.016338131829226575,0.016026240368094757,0.08492417251527075,0.11221693456668391,0.029694522815107215,0.049014395487679725,0.07952865314186601,0.0405217652163345,0.26222765750332044,0.027529274882492474,0.03827797286378027,0.07423630703776804,0.06410496147237903,0.14857980579322652,0.06882318720623119,0.08416270092501293,0.015721519464629644,0.07952865314186601,0.10197742236240238,0.10592624931086035,0.09635246208872367,0.108058040576892,0.028589798342598192,0.1402711682083549,0.13764637441246239,0.18910157100956101,0.13254775523644335,0.11435919337039277,0.013764637441246237,0.014027116820835489,0.057179596685196385,0.042884697513897285,0.014294899171299096,0.027014510144223,0.043704609583886736,0.07013558410417745,0.03205248073618951,0.06627387761822168,0.05301910209457734,0.02650955104728867,0.1215652956490035,0.04539696399036872,0.028589798342598192,0.3303512985899097,0.3446241636147527,0.08740921916777347,0.029136406389257824,0.05301910209457734,0.014027116820835489,0.028054233641670978,0.07013558410417745,0.0367627289743081,0.029136406389257824,0.04454178422266083,0.042884697513897285,0.014847261407553608,0.08013120184047379,0.11435919337039277,0.03331507893215292,0.07860759732314823,0.027529274882492474,0.027529274882492474,0.0,0.17481843833554694,0.027529274882492474,0.07952865314186601,0.08576939502779457,0.05301910209457734,0.05505854976498495,0.0,0.1121836825766633,0.1172080845429287,0.06627387761822168,0.13764637441246239,0.10592624931086035,0.015423646804935392,0.057179596685196385,0.027529274882492474,0.027529274882492474,0.0,0.08416270092501293,0.0,0.04454178422266083,0.11929297971279901,0.09455078550478051,0.17231208180737634
Reagan_1985,0.07422782246843178,0.15645324973860023,0.23467987460790035,0.05061911669599796,0.04693597492158007,0.01752502177638988,0.03439126869536428,0.04967088293199485,0.05158690304304643,0.07971670087170991,0.052575065329169654,0.0,0.05061911669599796,0.018916634100725832,0.038569552759009786,0.056749902302177496,0.06014434306039091,0.0993417658639897,0.07010008710555952,0.0,0.09387194984316014,0.0956600410460519,0.08597817173841071,0.06498856975178663,0.11295387909930085,0.17525021776389882,0.018916634100725832,0.11160338122039389,0.21121285169330653,0.033113921954663235,0.03711391123421589,0.09387194984316014,0.10317380608609286,0.07144597338410553,0.1462242819415199,0.04783002052302595,0.01687303889866599,0.31458225856930067,0.08123571218973329,0.1913200820921038,0.17209857471246026,0.21934950568265785,0.04874142731383997,0.08278480488665808,0.0,0.03374607779733198,0.1687303889866599,0.015943340174341982,0.03439126869536428,0.04967088293199485,0.0,0.06258129989544009,0.031290649947720045,0.015645324973860023,0.031886680348683964,0.07144597338410553,0.10123823339199592,0.12997713950357326,0.18774389968632027,0.05158690304304643,0.05158690304304643,0.015645324973860023,0.08278480488665808,0.04967088293199485,0.06622784390932647,0.08678605544137519,0.05158690304304643,0.0,0.03374607779733198,0.07010008710555952,0.037833268201451664,0.05061911669599796,0.058985371215100946,0.03711391123421589,0.09748285462767994,0.016247142437946657,0.017861493346026384,0.12036944043377501,0.016247142437946657,0.07822662486930011,0.0,0.015645324973860023,0.1137299970656266,0.06498856975178663,0.037833268201451664,0.0230578351297696,0.06258129989544009,0.1137299970656266,0.14289194676821107,0.10923216290527067,0.05061911669599796,0.06498856975178663,0.032494284875893314,0.02403598643222431,0.06622784390932647,0.018556955617107945,0.07010008710555952,0.18774389968632027,0.11160338122039389,0.37548779937264054
Reagan_1986,0.020880242477284355,0.3872898167281643,0.21124899094263508,0.11391302026114472,0.05281224773565877,0.15775290372451214,0.019348487011485314,0.0,0.019348487011485314,0.17939408575789403,0.039438225931128036,0.0,0.1708695303917171,0.0851398074182124,0.08679673869630633,0.0,0.06767427225940924,0.09314926624464753,0.039438225931128036,0.06509755402222975,0.10562449547131754,0.035878817151578805,0.058045461034455945,0.036562492325470514,0.025419087408593267,0.09859556482782009,0.06385485556365929,0.08969704287894702,0.054843738488205764,0.037259706497859015,0.0,0.03520816515710585,0.1354394090803972,0.22107480976047683,0.14624996930188205,0.0,0.03797100675371491,0.14903882599143606,0.25593744627829357,0.16145467718210463,0.12322857804987046,0.09492751688428727,0.018281246162735257,0.07451941299571803,0.03797100675371491,0.05695651013057236,0.07594201350742982,0.035878817151578805,0.0,0.018629853248929507,0.0,0.12322857804987046,0.10562449547131754,0.08802041289276462,0.08969704287894702,0.060293129934675505,0.09492751688428727,0.14624996930188205,0.228853073521188,0.03869697402297063,0.03869697402297063,0.017604082578552924,0.037259706497859015,0.07451941299571803,0.018629853248929507,0.0,0.03869697402297063,0.059157338896692065,0.018985503376857456,0.09859556482782009,0.0851398074182124,0.09492751688428727,0.0442467999240306,0.06264072743185306,0.14624996930188205,0.036562492325470514,0.04019541995645034,0.058045461034455945,0.054843738488205764,0.03520816515710585,0.0,0.0704163303142117,0.036562492325470514,0.10968747697641153,0.06385485556365929,0.02594462143709475,0.0704163303142117,0.10968747697641153,0.24117251973870202,0.0614538854012664,0.03797100675371491,0.054843738488205764,0.036562492325470514,0.10818093985693905,0.0,0.0,0.019719112965564018,0.17604082578552924,0.07175763430315761,0.10562449547131754
Reagan_1987,0.0,0.32110429316654154,0.1859024855174714,0.054679241964713604,0.08450112978066882,0.15144553578887066,0.037149769202037046,0.053654951008938453,0.07429953840407409,0.13777715804155993,0.018930691973608832,0.0,0.03645282797647574,0.16347139668414132,0.0,0.0,0.02165616010751043,0.10730990201787691,0.0567920759208265,0.0,0.40560542294721036,0.0,0.07429953840407409,0.05265094438144685,0.0,0.07572276789443533,0.04086784917103533,0.051666434265584975,0.01755031479381562,0.017884983669646155,0.0200453965328976,0.03380045191226753,0.055724653803055565,0.0192941517013021,0.05265094438144685,0.06888857902077997,0.03645282797647574,0.21461980403575381,0.08775157396907808,0.1722214475519499,0.06760090382453506,0.01822641398823787,0.0,0.08942491834823077,0.01822641398823787,0.0,0.01822641398823787,0.06888857902077997,0.055724653803055565,0.07153993467858462,0.0,0.11830158169293635,0.11830158169293635,0.016900225956133764,0.2066657370623399,0.0,0.03645282797647574,0.05265094438144685,0.30420406721040777,0.0928744230050926,0.018574884601018523,0.08450112978066882,0.03576996733929231,0.053654951008938453,0.053654951008938453,0.046873553257964926,0.0,0.037861383947217664,0.01822641398823787,0.07572276789443533,0.04086784917103533,0.0,0.021238849375285876,0.0,0.03510062958763124,0.03510062958763124,0.0385883034026042,0.018574884601018523,0.0,0.15210203360520388,0.03645282797647574,0.03380045191226753,0.05265094438144685,0.03510062958763124,0.04086784917103533,0.02490728856086154,0.08450112978066882,0.07020125917526247,0.1157649102078126,0.1769904017200637,0.054679241964713604,0.1053018887628937,0.1053018887628937,0.18174727704492966,0.07153993467858462,0.0200453965328976,0.0,0.21970293742973893,0.08611072377597495,0.1859024855174714
Reagan_1988,0.0,0.2909286499366825,0.1719123840534942,0.01426174050342851,0.14546432496834125,0.11850257177398756,0.029068821133088715,0.027989158610043217,0.04360323169963308,0.22909069840522883,0.014812821471748444,0.0,0.0,0.0,0.03260046729494485,0.031978131309136994,0.05083630865950844,0.055978317220086435,0.0,0.016300233647472424,0.15868835451091773,0.04042777030680509,0.04360323169963308,0.027465417553272597,0.0,0.11850257177398756,0.04796719696370549,0.13475923435601697,0.04119812632990889,0.027989158610043217,0.0,0.09256820679803535,0.05813764226617743,0.24155552263902685,0.20599063164954448,0.10780738748481358,0.02852348100685702,0.29388616540545376,0.16479250531963557,0.2560425452764323,0.07934417725545886,0.08557044302057107,0.013732708776636298,0.08396747583012965,0.05704696201371404,0.01426174050342851,0.01426174050342851,0.013475923435601698,0.0,0.027989158610043217,0.07994532827284248,0.1190162658831883,0.05289611817030591,0.06612014771288238,0.08085554061361018,0.10568054115457425,0.05704696201371404,0.137327087766363,0.19836044313864717,0.05813764226617743,0.05813764226617743,0.09256820679803535,0.0,0.06997289652510805,0.04198373791506482,0.0,0.04360323169963308,0.0,0.01426174050342851,0.02962564294349689,0.0,0.07130870251714257,0.03323780076291536,0.06274020634558192,0.0686635438831815,0.013732708776636298,0.04529166049481754,0.11627528453235486,0.0686635438831815,0.09256820679803535,0.05704696201371404,0.05289611817030591,0.054930835106545194,0.027465417553272597,0.0,0.03897873562273491,0.06612014771288238,0.08239625265981779,0.19626386214420932,0.07693934938350896,0.042785221510285534,0.013732708776636298,0.013732708776636298,0.10158069429550523,0.013994579305021609,0.0,0.0,0.2380325317663766,0.12128331092041526,0.2512565613089531
